PRAGMA foreign_keys=OFF;
BEGIN TRANSACTION;
CREATE TABLE "schema_migrations" ("version" varchar NOT NULL);
INSERT INTO "schema_migrations" VALUES('1');
INSERT INTO "schema_migrations" VALUES('2');
INSERT INTO "schema_migrations" VALUES('3');
INSERT INTO "schema_migrations" VALUES('4');
INSERT INTO "schema_migrations" VALUES('5');
INSERT INTO "schema_migrations" VALUES('6');
INSERT INTO "schema_migrations" VALUES('7');
INSERT INTO "schema_migrations" VALUES('8');
INSERT INTO "schema_migrations" VALUES('9');
INSERT INTO "schema_migrations" VALUES('10');
INSERT INTO "schema_migrations" VALUES('11');
INSERT INTO "schema_migrations" VALUES('12');
INSERT INTO "schema_migrations" VALUES('13');
INSERT INTO "schema_migrations" VALUES('14');
INSERT INTO "schema_migrations" VALUES('15');
INSERT INTO "schema_migrations" VALUES('16');
INSERT INTO "schema_migrations" VALUES('17');
INSERT INTO "schema_migrations" VALUES('18');
INSERT INTO "schema_migrations" VALUES('19');
INSERT INTO "schema_migrations" VALUES('20');
INSERT INTO "schema_migrations" VALUES('21');
INSERT INTO "schema_migrations" VALUES('22');
INSERT INTO "schema_migrations" VALUES('23');
INSERT INTO "schema_migrations" VALUES('24');
INSERT INTO "schema_migrations" VALUES('25');
INSERT INTO "schema_migrations" VALUES('26');
INSERT INTO "schema_migrations" VALUES('27');
INSERT INTO "schema_migrations" VALUES('28');
INSERT INTO "schema_migrations" VALUES('29');
INSERT INTO "schema_migrations" VALUES('30');
INSERT INTO "schema_migrations" VALUES('31');
INSERT INTO "schema_migrations" VALUES('32');
INSERT INTO "schema_migrations" VALUES('33');
INSERT INTO "schema_migrations" VALUES('34');
INSERT INTO "schema_migrations" VALUES('35');
INSERT INTO "schema_migrations" VALUES('36');
INSERT INTO "schema_migrations" VALUES('37');
INSERT INTO "schema_migrations" VALUES('38');
INSERT INTO "schema_migrations" VALUES('39');
INSERT INTO "schema_migrations" VALUES('40');
INSERT INTO "schema_migrations" VALUES('41');
INSERT INTO "schema_migrations" VALUES('42');
INSERT INTO "schema_migrations" VALUES('43');
INSERT INTO "schema_migrations" VALUES('44');
INSERT INTO "schema_migrations" VALUES('45');
INSERT INTO "schema_migrations" VALUES('46');
INSERT INTO "schema_migrations" VALUES('47');
INSERT INTO "schema_migrations" VALUES('48');
INSERT INTO "schema_migrations" VALUES('49');
INSERT INTO "schema_migrations" VALUES('50');
INSERT INTO "schema_migrations" VALUES('51');
INSERT INTO "schema_migrations" VALUES('52');
INSERT INTO "schema_migrations" VALUES('53');
INSERT INTO "schema_migrations" VALUES('54');
INSERT INTO "schema_migrations" VALUES('55');
INSERT INTO "schema_migrations" VALUES('56');
INSERT INTO "schema_migrations" VALUES('57');
INSERT INTO "schema_migrations" VALUES('58');
INSERT INTO "schema_migrations" VALUES('59');
INSERT INTO "schema_migrations" VALUES('60');
INSERT INTO "schema_migrations" VALUES('61');
INSERT INTO "schema_migrations" VALUES('62');
INSERT INTO "schema_migrations" VALUES('63');
INSERT INTO "schema_migrations" VALUES('64');
INSERT INTO "schema_migrations" VALUES('65');
INSERT INTO "schema_migrations" VALUES('66');
INSERT INTO "schema_migrations" VALUES('67');
INSERT INTO "schema_migrations" VALUES('68');
INSERT INTO "schema_migrations" VALUES('69');
INSERT INTO "schema_migrations" VALUES('70');
INSERT INTO "schema_migrations" VALUES('71');
INSERT INTO "schema_migrations" VALUES('72');
INSERT INTO "schema_migrations" VALUES('73');
INSERT INTO "schema_migrations" VALUES('74');
INSERT INTO "schema_migrations" VALUES('75');
INSERT INTO "schema_migrations" VALUES('76');
INSERT INTO "schema_migrations" VALUES('77');
INSERT INTO "schema_migrations" VALUES('78');
INSERT INTO "schema_migrations" VALUES('79');
INSERT INTO "schema_migrations" VALUES('80');
INSERT INTO "schema_migrations" VALUES('81');
INSERT INTO "schema_migrations" VALUES('82');
INSERT INTO "schema_migrations" VALUES('83');
INSERT INTO "schema_migrations" VALUES('84');
INSERT INTO "schema_migrations" VALUES('85');
INSERT INTO "schema_migrations" VALUES('86');
INSERT INTO "schema_migrations" VALUES('87');
INSERT INTO "schema_migrations" VALUES('88');
INSERT INTO "schema_migrations" VALUES('89');
INSERT INTO "schema_migrations" VALUES('90');
INSERT INTO "schema_migrations" VALUES('91');
INSERT INTO "schema_migrations" VALUES('92');
INSERT INTO "schema_migrations" VALUES('93');
INSERT INTO "schema_migrations" VALUES('94');
INSERT INTO "schema_migrations" VALUES('95');
INSERT INTO "schema_migrations" VALUES('96');
INSERT INTO "schema_migrations" VALUES('97');
INSERT INTO "schema_migrations" VALUES('98');
INSERT INTO "schema_migrations" VALUES('99');
INSERT INTO "schema_migrations" VALUES('100');
INSERT INTO "schema_migrations" VALUES('101');
INSERT INTO "schema_migrations" VALUES('102');
INSERT INTO "schema_migrations" VALUES('103');
INSERT INTO "schema_migrations" VALUES('104');
INSERT INTO "schema_migrations" VALUES('105');
INSERT INTO "schema_migrations" VALUES('106');
INSERT INTO "schema_migrations" VALUES('107');
INSERT INTO "schema_migrations" VALUES('108');
INSERT INTO "schema_migrations" VALUES('20090214190337');
INSERT INTO "schema_migrations" VALUES('20090312172426');
INSERT INTO "schema_migrations" VALUES('20090312194159');
INSERT INTO "schema_migrations" VALUES('20090318181151');
INSERT INTO "schema_migrations" VALUES('20090323224724');
INSERT INTO "schema_migrations" VALUES('20090401221305');
INSERT INTO "schema_migrations" VALUES('20090401231134');
INSERT INTO "schema_migrations" VALUES('20090403001910');
INSERT INTO "schema_migrations" VALUES('20090406161854');
INSERT INTO "schema_migrations" VALUES('20090425161243');
INSERT INTO "schema_migrations" VALUES('20090503121501');
INSERT INTO "schema_migrations" VALUES('20090503121505');
INSERT INTO "schema_migrations" VALUES('20090503121510');
INSERT INTO "schema_migrations" VALUES('20090614091200');
INSERT INTO "schema_migrations" VALUES('20090704172350');
INSERT INTO "schema_migrations" VALUES('20090704172355');
INSERT INTO "schema_migrations" VALUES('20090704172358');
INSERT INTO "schema_migrations" VALUES('20091010093521');
INSERT INTO "schema_migrations" VALUES('20091017212227');
INSERT INTO "schema_migrations" VALUES('20091017212457');
INSERT INTO "schema_migrations" VALUES('20091017212644');
INSERT INTO "schema_migrations" VALUES('20091017212938');
INSERT INTO "schema_migrations" VALUES('20091017213027');
INSERT INTO "schema_migrations" VALUES('20091017213113');
INSERT INTO "schema_migrations" VALUES('20091017213151');
INSERT INTO "schema_migrations" VALUES('20091017213228');
INSERT INTO "schema_migrations" VALUES('20091017213257');
INSERT INTO "schema_migrations" VALUES('20091017213332');
INSERT INTO "schema_migrations" VALUES('20091017213444');
INSERT INTO "schema_migrations" VALUES('20091017213536');
INSERT INTO "schema_migrations" VALUES('20091017213642');
INSERT INTO "schema_migrations" VALUES('20091017213716');
INSERT INTO "schema_migrations" VALUES('20091017213757');
INSERT INTO "schema_migrations" VALUES('20091017213835');
INSERT INTO "schema_migrations" VALUES('20091017213910');
INSERT INTO "schema_migrations" VALUES('20091017214015');
INSERT INTO "schema_migrations" VALUES('20091017214107');
INSERT INTO "schema_migrations" VALUES('20091017214136');
INSERT INTO "schema_migrations" VALUES('20091017214236');
INSERT INTO "schema_migrations" VALUES('20091017214308');
INSERT INTO "schema_migrations" VALUES('20091017214336');
INSERT INTO "schema_migrations" VALUES('20091017214406');
INSERT INTO "schema_migrations" VALUES('20091017214440');
INSERT INTO "schema_migrations" VALUES('20091017214519');
INSERT INTO "schema_migrations" VALUES('20091017214611');
INSERT INTO "schema_migrations" VALUES('20091017214644');
INSERT INTO "schema_migrations" VALUES('20091017214720');
INSERT INTO "schema_migrations" VALUES('20091017214750');
INSERT INTO "schema_migrations" VALUES('20091025163651');
INSERT INTO "schema_migrations" VALUES('20091108092559');
INSERT INTO "schema_migrations" VALUES('20091114105931');
INSERT INTO "schema_migrations" VALUES('20091123212029');
INSERT INTO "schema_migrations" VALUES('20091205124427');
INSERT INTO "schema_migrations" VALUES('20091220183509');
INSERT INTO "schema_migrations" VALUES('20091220183727');
INSERT INTO "schema_migrations" VALUES('20091220184736');
INSERT INTO "schema_migrations" VALUES('20091225164732');
INSERT INTO "schema_migrations" VALUES('20091227112908');
INSERT INTO "schema_migrations" VALUES('20100129193402');
INSERT INTO "schema_migrations" VALUES('20100129193813');
INSERT INTO "schema_migrations" VALUES('20100221100219');
INSERT INTO "schema_migrations" VALUES('20100313132032');
INSERT INTO "schema_migrations" VALUES('20100313171051');
INSERT INTO "schema_migrations" VALUES('20100705164950');
INSERT INTO "schema_migrations" VALUES('20100819172912');
INSERT INTO "schema_migrations" VALUES('20101104182107');
INSERT INTO "schema_migrations" VALUES('20101107130441');
INSERT INTO "schema_migrations" VALUES('20101114115114');
INSERT INTO "schema_migrations" VALUES('20101114115359');
INSERT INTO "schema_migrations" VALUES('20110220160626');
INSERT INTO "schema_migrations" VALUES('20110223180944');
INSERT INTO "schema_migrations" VALUES('20110223180953');
INSERT INTO "schema_migrations" VALUES('20110224000000');
INSERT INTO "schema_migrations" VALUES('20110226120112');
INSERT INTO "schema_migrations" VALUES('20110226120132');
INSERT INTO "schema_migrations" VALUES('20110227125750');
INSERT INTO "schema_migrations" VALUES('20110228000000');
INSERT INTO "schema_migrations" VALUES('20110228000100');
INSERT INTO "schema_migrations" VALUES('20110401192910');
INSERT INTO "schema_migrations" VALUES('20110408103312');
INSERT INTO "schema_migrations" VALUES('20110412065600');
INSERT INTO "schema_migrations" VALUES('20110511000000');
INSERT INTO "schema_migrations" VALUES('20110902000000');
INSERT INTO "schema_migrations" VALUES('20111201201315');
INSERT INTO "schema_migrations" VALUES('20120115143024');
INSERT INTO "schema_migrations" VALUES('20120115143100');
INSERT INTO "schema_migrations" VALUES('20120115143126');
INSERT INTO "schema_migrations" VALUES('20120127174243');
INSERT INTO "schema_migrations" VALUES('20120205111326');
INSERT INTO "schema_migrations" VALUES('20120223110929');
INSERT INTO "schema_migrations" VALUES('20120301153455');
INSERT INTO "schema_migrations" VALUES('20120422150750');
INSERT INTO "schema_migrations" VALUES('20120705074331');
INSERT INTO "schema_migrations" VALUES('20120707064544');
INSERT INTO "schema_migrations" VALUES('20120714122000');
INSERT INTO "schema_migrations" VALUES('20120714122100');
INSERT INTO "schema_migrations" VALUES('20120714122200');
INSERT INTO "schema_migrations" VALUES('20120731164049');
INSERT INTO "schema_migrations" VALUES('20120930112914');
INSERT INTO "schema_migrations" VALUES('20121026002032');
INSERT INTO "schema_migrations" VALUES('20121026003537');
INSERT INTO "schema_migrations" VALUES('20121209123234');
INSERT INTO "schema_migrations" VALUES('20121209123358');
INSERT INTO "schema_migrations" VALUES('20121213084931');
INSERT INTO "schema_migrations" VALUES('20130110122628');
INSERT INTO "schema_migrations" VALUES('20130201184705');
INSERT INTO "schema_migrations" VALUES('20130202090625');
INSERT INTO "schema_migrations" VALUES('20130207175206');
INSERT INTO "schema_migrations" VALUES('20130207181455');
INSERT INTO "schema_migrations" VALUES('20130215073721');
INSERT INTO "schema_migrations" VALUES('20130215111127');
INSERT INTO "schema_migrations" VALUES('20130215111141');
INSERT INTO "schema_migrations" VALUES('20130217094251');
INSERT INTO "schema_migrations" VALUES('20130602092539');
INSERT INTO "schema_migrations" VALUES('20130710182539');
INSERT INTO "schema_migrations" VALUES('20130713104233');
INSERT INTO "schema_migrations" VALUES('20130713111657');
INSERT INTO "schema_migrations" VALUES('20130729070143');
INSERT INTO "schema_migrations" VALUES('20130911193200');
INSERT INTO "schema_migrations" VALUES('20131004113137');
INSERT INTO "schema_migrations" VALUES('20131005100610');
INSERT INTO "schema_migrations" VALUES('20131124175346');
INSERT INTO "schema_migrations" VALUES('20131210180802');
INSERT INTO "schema_migrations" VALUES('20131214094309');
INSERT INTO "schema_migrations" VALUES('20131215104612');
INSERT INTO "schema_migrations" VALUES('20131218183023');
INSERT INTO "schema_migrations" VALUES('20140228130325');
INSERT INTO "schema_migrations" VALUES('20140903143914');
INSERT INTO "schema_migrations" VALUES('20140920094058');
INSERT INTO "schema_migrations" VALUES('20141029181752');
INSERT INTO "schema_migrations" VALUES('20141029181824');
INSERT INTO "schema_migrations" VALUES('20141109112308');
INSERT INTO "schema_migrations" VALUES('20141122124142');
INSERT INTO "schema_migrations" VALUES('20150113194759');
INSERT INTO "schema_migrations" VALUES('20150113211532');
INSERT INTO "schema_migrations" VALUES('20150113213922');
INSERT INTO "schema_migrations" VALUES('20150113213955');
INSERT INTO "schema_migrations" VALUES('20150208105930');
INSERT INTO "schema_migrations" VALUES('20150510083747');
INSERT INTO "schema_migrations" VALUES('20150525103953');
INSERT INTO "schema_migrations" VALUES('20150526183158');
INSERT INTO "schema_migrations" VALUES('20150528084820');
INSERT INTO "schema_migrations" VALUES('20150528092912');
INSERT INTO "schema_migrations" VALUES('20150528093249');
INSERT INTO "schema_migrations" VALUES('20150725112753');
INSERT INTO "schema_migrations" VALUES('20150730122707');
INSERT INTO "schema_migrations" VALUES('20150730122735');
INSERT INTO "schema_migrations" VALUES('20150921204850');
INSERT INTO "schema_migrations" VALUES('20150921210243');
INSERT INTO "schema_migrations" VALUES('20151020182334');
INSERT INTO "schema_migrations" VALUES('20151020182731');
INSERT INTO "schema_migrations" VALUES('20151021184614');
INSERT INTO "schema_migrations" VALUES('20151021185456');
INSERT INTO "schema_migrations" VALUES('20151021190616');
INSERT INTO "schema_migrations" VALUES('20151024082034');
INSERT INTO "schema_migrations" VALUES('20151025072118');
INSERT INTO "schema_migrations" VALUES('20151031095005');
INSERT INTO "schema_migrations" VALUES('20160404080304');
INSERT INTO "schema_migrations" VALUES('20160416072926');
INSERT INTO "schema_migrations" VALUES('20160529063352');
INSERT INTO "schema_migrations" VALUES('20161001122012');
INSERT INTO "schema_migrations" VALUES('20161002133421');
INSERT INTO "schema_migrations" VALUES('20161010081301');
INSERT INTO "schema_migrations" VALUES('20161010081528');
INSERT INTO "schema_migrations" VALUES('20161010081600');
INSERT INTO "schema_migrations" VALUES('20161126094932');
INSERT INTO "schema_migrations" VALUES('20161220091118');
INSERT INTO "schema_migrations" VALUES('20170207050700');
INSERT INTO "schema_migrations" VALUES('20170302015225');
INSERT INTO "schema_migrations" VALUES('20170309214320');
INSERT INTO "schema_migrations" VALUES('20170320051650');
INSERT INTO "schema_migrations" VALUES('20170418090031');
INSERT INTO "schema_migrations" VALUES('20170419144536');
CREATE TABLE "custom_fields_projects" ("custom_field_id" integer DEFAULT 0 NOT NULL, "project_id" integer DEFAULT 0 NOT NULL);
CREATE TABLE "custom_fields_trackers" ("custom_field_id" integer DEFAULT 0 NOT NULL, "tracker_id" integer DEFAULT 0 NOT NULL);
CREATE TABLE "custom_values" ("id" INTEGER PRIMARY KEY AUTOINCREMENT NOT NULL, "customized_type" varchar(30) DEFAULT '' NOT NULL, "customized_id" integer DEFAULT 0 NOT NULL, "custom_field_id" integer DEFAULT 0 NOT NULL, "value" text);
CREATE TABLE "news" ("id" INTEGER PRIMARY KEY AUTOINCREMENT NOT NULL, "project_id" integer, "title" varchar(60) DEFAULT '' NOT NULL, "summary" varchar(255) DEFAULT '', "description" text, "author_id" integer DEFAULT 0 NOT NULL, "created_on" datetime, "comments_count" integer DEFAULT 0 NOT NULL);
CREATE TABLE "tokens" ("id" INTEGER PRIMARY KEY AUTOINCREMENT NOT NULL, "user_id" integer DEFAULT 0 NOT NULL, "action" varchar(30) DEFAULT '' NOT NULL, "value" varchar(40) DEFAULT '' NOT NULL, "created_on" datetime NOT NULL, "updated_on" datetime);
INSERT INTO "tokens" VALUES(3,1,'feeds','18b78d78498972e63af80d6fc7b2b4d414e5f265','2018-06-25 00:38:50.843390','2018-06-25 00:38:50.843390');
CREATE TABLE "workflows" ("id" INTEGER PRIMARY KEY AUTOINCREMENT NOT NULL, "tracker_id" integer DEFAULT 0 NOT NULL, "old_status_id" integer DEFAULT 0 NOT NULL, "new_status_id" integer DEFAULT 0 NOT NULL, "role_id" integer DEFAULT 0 NOT NULL, "assignee" boolean DEFAULT 'f' NOT NULL, "author" boolean DEFAULT 'f' NOT NULL, "type" varchar(30), "field_name" varchar(30), "rule" varchar(30));
INSERT INTO "workflows" VALUES(1,1,1,2,3,'f','f','WorkflowTransition',NULL,NULL);
INSERT INTO "workflows" VALUES(2,1,1,3,3,'f','f','WorkflowTransition',NULL,NULL);
INSERT INTO "workflows" VALUES(3,1,1,4,3,'f','f','WorkflowTransition',NULL,NULL);
INSERT INTO "workflows" VALUES(4,1,1,5,3,'f','f','WorkflowTransition',NULL,NULL);
INSERT INTO "workflows" VALUES(5,1,1,6,3,'f','f','WorkflowTransition',NULL,NULL);
INSERT INTO "workflows" VALUES(6,1,2,1,3,'f','f','WorkflowTransition',NULL,NULL);
INSERT INTO "workflows" VALUES(7,1,2,3,3,'f','f','WorkflowTransition',NULL,NULL);
INSERT INTO "workflows" VALUES(8,1,2,4,3,'f','f','WorkflowTransition',NULL,NULL);
INSERT INTO "workflows" VALUES(9,1,2,5,3,'f','f','WorkflowTransition',NULL,NULL);
INSERT INTO "workflows" VALUES(10,1,2,6,3,'f','f','WorkflowTransition',NULL,NULL);
INSERT INTO "workflows" VALUES(11,1,3,1,3,'f','f','WorkflowTransition',NULL,NULL);
INSERT INTO "workflows" VALUES(12,1,3,2,3,'f','f','WorkflowTransition',NULL,NULL);
INSERT INTO "workflows" VALUES(13,1,3,4,3,'f','f','WorkflowTransition',NULL,NULL);
INSERT INTO "workflows" VALUES(14,1,3,5,3,'f','f','WorkflowTransition',NULL,NULL);
INSERT INTO "workflows" VALUES(15,1,3,6,3,'f','f','WorkflowTransition',NULL,NULL);
INSERT INTO "workflows" VALUES(16,1,4,1,3,'f','f','WorkflowTransition',NULL,NULL);
INSERT INTO "workflows" VALUES(17,1,4,2,3,'f','f','WorkflowTransition',NULL,NULL);
INSERT INTO "workflows" VALUES(18,1,4,3,3,'f','f','WorkflowTransition',NULL,NULL);
INSERT INTO "workflows" VALUES(19,1,4,5,3,'f','f','WorkflowTransition',NULL,NULL);
INSERT INTO "workflows" VALUES(20,1,4,6,3,'f','f','WorkflowTransition',NULL,NULL);
INSERT INTO "workflows" VALUES(21,1,5,1,3,'f','f','WorkflowTransition',NULL,NULL);
INSERT INTO "workflows" VALUES(22,1,5,2,3,'f','f','WorkflowTransition',NULL,NULL);
INSERT INTO "workflows" VALUES(23,1,5,3,3,'f','f','WorkflowTransition',NULL,NULL);
INSERT INTO "workflows" VALUES(24,1,5,4,3,'f','f','WorkflowTransition',NULL,NULL);
INSERT INTO "workflows" VALUES(25,1,5,6,3,'f','f','WorkflowTransition',NULL,NULL);
INSERT INTO "workflows" VALUES(26,1,6,1,3,'f','f','WorkflowTransition',NULL,NULL);
INSERT INTO "workflows" VALUES(27,1,6,2,3,'f','f','WorkflowTransition',NULL,NULL);
INSERT INTO "workflows" VALUES(28,1,6,3,3,'f','f','WorkflowTransition',NULL,NULL);
INSERT INTO "workflows" VALUES(29,1,6,4,3,'f','f','WorkflowTransition',NULL,NULL);
INSERT INTO "workflows" VALUES(30,1,6,5,3,'f','f','WorkflowTransition',NULL,NULL);
INSERT INTO "workflows" VALUES(31,2,1,2,3,'f','f','WorkflowTransition',NULL,NULL);
INSERT INTO "workflows" VALUES(32,2,1,3,3,'f','f','WorkflowTransition',NULL,NULL);
INSERT INTO "workflows" VALUES(33,2,1,4,3,'f','f','WorkflowTransition',NULL,NULL);
INSERT INTO "workflows" VALUES(34,2,1,5,3,'f','f','WorkflowTransition',NULL,NULL);
INSERT INTO "workflows" VALUES(35,2,1,6,3,'f','f','WorkflowTransition',NULL,NULL);
INSERT INTO "workflows" VALUES(36,2,2,1,3,'f','f','WorkflowTransition',NULL,NULL);
INSERT INTO "workflows" VALUES(37,2,2,3,3,'f','f','WorkflowTransition',NULL,NULL);
INSERT INTO "workflows" VALUES(38,2,2,4,3,'f','f','WorkflowTransition',NULL,NULL);
INSERT INTO "workflows" VALUES(39,2,2,5,3,'f','f','WorkflowTransition',NULL,NULL);
INSERT INTO "workflows" VALUES(40,2,2,6,3,'f','f','WorkflowTransition',NULL,NULL);
INSERT INTO "workflows" VALUES(41,2,3,1,3,'f','f','WorkflowTransition',NULL,NULL);
INSERT INTO "workflows" VALUES(42,2,3,2,3,'f','f','WorkflowTransition',NULL,NULL);
INSERT INTO "workflows" VALUES(43,2,3,4,3,'f','f','WorkflowTransition',NULL,NULL);
INSERT INTO "workflows" VALUES(44,2,3,5,3,'f','f','WorkflowTransition',NULL,NULL);
INSERT INTO "workflows" VALUES(45,2,3,6,3,'f','f','WorkflowTransition',NULL,NULL);
INSERT INTO "workflows" VALUES(46,2,4,1,3,'f','f','WorkflowTransition',NULL,NULL);
INSERT INTO "workflows" VALUES(47,2,4,2,3,'f','f','WorkflowTransition',NULL,NULL);
INSERT INTO "workflows" VALUES(48,2,4,3,3,'f','f','WorkflowTransition',NULL,NULL);
INSERT INTO "workflows" VALUES(49,2,4,5,3,'f','f','WorkflowTransition',NULL,NULL);
INSERT INTO "workflows" VALUES(50,2,4,6,3,'f','f','WorkflowTransition',NULL,NULL);
INSERT INTO "workflows" VALUES(51,2,5,1,3,'f','f','WorkflowTransition',NULL,NULL);
INSERT INTO "workflows" VALUES(52,2,5,2,3,'f','f','WorkflowTransition',NULL,NULL);
INSERT INTO "workflows" VALUES(53,2,5,3,3,'f','f','WorkflowTransition',NULL,NULL);
INSERT INTO "workflows" VALUES(54,2,5,4,3,'f','f','WorkflowTransition',NULL,NULL);
INSERT INTO "workflows" VALUES(55,2,5,6,3,'f','f','WorkflowTransition',NULL,NULL);
INSERT INTO "workflows" VALUES(56,2,6,1,3,'f','f','WorkflowTransition',NULL,NULL);
INSERT INTO "workflows" VALUES(57,2,6,2,3,'f','f','WorkflowTransition',NULL,NULL);
INSERT INTO "workflows" VALUES(58,2,6,3,3,'f','f','WorkflowTransition',NULL,NULL);
INSERT INTO "workflows" VALUES(59,2,6,4,3,'f','f','WorkflowTransition',NULL,NULL);
INSERT INTO "workflows" VALUES(60,2,6,5,3,'f','f','WorkflowTransition',NULL,NULL);
INSERT INTO "workflows" VALUES(61,3,1,2,3,'f','f','WorkflowTransition',NULL,NULL);
INSERT INTO "workflows" VALUES(62,3,1,3,3,'f','f','WorkflowTransition',NULL,NULL);
INSERT INTO "workflows" VALUES(63,3,1,4,3,'f','f','WorkflowTransition',NULL,NULL);
INSERT INTO "workflows" VALUES(64,3,1,5,3,'f','f','WorkflowTransition',NULL,NULL);
INSERT INTO "workflows" VALUES(65,3,1,6,3,'f','f','WorkflowTransition',NULL,NULL);
INSERT INTO "workflows" VALUES(66,3,2,1,3,'f','f','WorkflowTransition',NULL,NULL);
INSERT INTO "workflows" VALUES(67,3,2,3,3,'f','f','WorkflowTransition',NULL,NULL);
INSERT INTO "workflows" VALUES(68,3,2,4,3,'f','f','WorkflowTransition',NULL,NULL);
INSERT INTO "workflows" VALUES(69,3,2,5,3,'f','f','WorkflowTransition',NULL,NULL);
INSERT INTO "workflows" VALUES(70,3,2,6,3,'f','f','WorkflowTransition',NULL,NULL);
INSERT INTO "workflows" VALUES(71,3,3,1,3,'f','f','WorkflowTransition',NULL,NULL);
INSERT INTO "workflows" VALUES(72,3,3,2,3,'f','f','WorkflowTransition',NULL,NULL);
INSERT INTO "workflows" VALUES(73,3,3,4,3,'f','f','WorkflowTransition',NULL,NULL);
INSERT INTO "workflows" VALUES(74,3,3,5,3,'f','f','WorkflowTransition',NULL,NULL);
INSERT INTO "workflows" VALUES(75,3,3,6,3,'f','f','WorkflowTransition',NULL,NULL);
INSERT INTO "workflows" VALUES(76,3,4,1,3,'f','f','WorkflowTransition',NULL,NULL);
INSERT INTO "workflows" VALUES(77,3,4,2,3,'f','f','WorkflowTransition',NULL,NULL);
INSERT INTO "workflows" VALUES(78,3,4,3,3,'f','f','WorkflowTransition',NULL,NULL);
INSERT INTO "workflows" VALUES(79,3,4,5,3,'f','f','WorkflowTransition',NULL,NULL);
INSERT INTO "workflows" VALUES(80,3,4,6,3,'f','f','WorkflowTransition',NULL,NULL);
INSERT INTO "workflows" VALUES(81,3,5,1,3,'f','f','WorkflowTransition',NULL,NULL);
INSERT INTO "workflows" VALUES(82,3,5,2,3,'f','f','WorkflowTransition',NULL,NULL);
INSERT INTO "workflows" VALUES(83,3,5,3,3,'f','f','WorkflowTransition',NULL,NULL);
INSERT INTO "workflows" VALUES(84,3,5,4,3,'f','f','WorkflowTransition',NULL,NULL);
INSERT INTO "workflows" VALUES(85,3,5,6,3,'f','f','WorkflowTransition',NULL,NULL);
INSERT INTO "workflows" VALUES(86,3,6,1,3,'f','f','WorkflowTransition',NULL,NULL);
INSERT INTO "workflows" VALUES(87,3,6,2,3,'f','f','WorkflowTransition',NULL,NULL);
INSERT INTO "workflows" VALUES(88,3,6,3,3,'f','f','WorkflowTransition',NULL,NULL);
INSERT INTO "workflows" VALUES(89,3,6,4,3,'f','f','WorkflowTransition',NULL,NULL);
INSERT INTO "workflows" VALUES(90,3,6,5,3,'f','f','WorkflowTransition',NULL,NULL);
INSERT INTO "workflows" VALUES(91,1,1,2,4,'f','f','WorkflowTransition',NULL,NULL);
INSERT INTO "workflows" VALUES(92,1,1,3,4,'f','f','WorkflowTransition',NULL,NULL);
INSERT INTO "workflows" VALUES(93,1,1,4,4,'f','f','WorkflowTransition',NULL,NULL);
INSERT INTO "workflows" VALUES(94,1,1,5,4,'f','f','WorkflowTransition',NULL,NULL);
INSERT INTO "workflows" VALUES(95,1,2,3,4,'f','f','WorkflowTransition',NULL,NULL);
INSERT INTO "workflows" VALUES(96,1,2,4,4,'f','f','WorkflowTransition',NULL,NULL);
INSERT INTO "workflows" VALUES(97,1,2,5,4,'f','f','WorkflowTransition',NULL,NULL);
INSERT INTO "workflows" VALUES(98,1,3,2,4,'f','f','WorkflowTransition',NULL,NULL);
INSERT INTO "workflows" VALUES(99,1,3,4,4,'f','f','WorkflowTransition',NULL,NULL);
INSERT INTO "workflows" VALUES(100,1,3,5,4,'f','f','WorkflowTransition',NULL,NULL);
INSERT INTO "workflows" VALUES(101,1,4,2,4,'f','f','WorkflowTransition',NULL,NULL);
INSERT INTO "workflows" VALUES(102,1,4,3,4,'f','f','WorkflowTransition',NULL,NULL);
INSERT INTO "workflows" VALUES(103,1,4,5,4,'f','f','WorkflowTransition',NULL,NULL);
INSERT INTO "workflows" VALUES(104,2,1,2,4,'f','f','WorkflowTransition',NULL,NULL);
INSERT INTO "workflows" VALUES(105,2,1,3,4,'f','f','WorkflowTransition',NULL,NULL);
INSERT INTO "workflows" VALUES(106,2,1,4,4,'f','f','WorkflowTransition',NULL,NULL);
INSERT INTO "workflows" VALUES(107,2,1,5,4,'f','f','WorkflowTransition',NULL,NULL);
INSERT INTO "workflows" VALUES(108,2,2,3,4,'f','f','WorkflowTransition',NULL,NULL);
INSERT INTO "workflows" VALUES(109,2,2,4,4,'f','f','WorkflowTransition',NULL,NULL);
INSERT INTO "workflows" VALUES(110,2,2,5,4,'f','f','WorkflowTransition',NULL,NULL);
INSERT INTO "workflows" VALUES(111,2,3,2,4,'f','f','WorkflowTransition',NULL,NULL);
INSERT INTO "workflows" VALUES(112,2,3,4,4,'f','f','WorkflowTransition',NULL,NULL);
INSERT INTO "workflows" VALUES(113,2,3,5,4,'f','f','WorkflowTransition',NULL,NULL);
INSERT INTO "workflows" VALUES(114,2,4,2,4,'f','f','WorkflowTransition',NULL,NULL);
INSERT INTO "workflows" VALUES(115,2,4,3,4,'f','f','WorkflowTransition',NULL,NULL);
INSERT INTO "workflows" VALUES(116,2,4,5,4,'f','f','WorkflowTransition',NULL,NULL);
INSERT INTO "workflows" VALUES(117,3,1,2,4,'f','f','WorkflowTransition',NULL,NULL);
INSERT INTO "workflows" VALUES(118,3,1,3,4,'f','f','WorkflowTransition',NULL,NULL);
INSERT INTO "workflows" VALUES(119,3,1,4,4,'f','f','WorkflowTransition',NULL,NULL);
INSERT INTO "workflows" VALUES(120,3,1,5,4,'f','f','WorkflowTransition',NULL,NULL);
INSERT INTO "workflows" VALUES(121,3,2,3,4,'f','f','WorkflowTransition',NULL,NULL);
INSERT INTO "workflows" VALUES(122,3,2,4,4,'f','f','WorkflowTransition',NULL,NULL);
INSERT INTO "workflows" VALUES(123,3,2,5,4,'f','f','WorkflowTransition',NULL,NULL);
INSERT INTO "workflows" VALUES(124,3,3,2,4,'f','f','WorkflowTransition',NULL,NULL);
INSERT INTO "workflows" VALUES(125,3,3,4,4,'f','f','WorkflowTransition',NULL,NULL);
INSERT INTO "workflows" VALUES(126,3,3,5,4,'f','f','WorkflowTransition',NULL,NULL);
INSERT INTO "workflows" VALUES(127,3,4,2,4,'f','f','WorkflowTransition',NULL,NULL);
INSERT INTO "workflows" VALUES(128,3,4,3,4,'f','f','WorkflowTransition',NULL,NULL);
INSERT INTO "workflows" VALUES(129,3,4,5,4,'f','f','WorkflowTransition',NULL,NULL);
INSERT INTO "workflows" VALUES(130,1,1,5,5,'f','f','WorkflowTransition',NULL,NULL);
INSERT INTO "workflows" VALUES(131,1,2,5,5,'f','f','WorkflowTransition',NULL,NULL);
INSERT INTO "workflows" VALUES(132,1,3,5,5,'f','f','WorkflowTransition',NULL,NULL);
INSERT INTO "workflows" VALUES(133,1,4,5,5,'f','f','WorkflowTransition',NULL,NULL);
INSERT INTO "workflows" VALUES(134,1,3,4,5,'f','f','WorkflowTransition',NULL,NULL);
INSERT INTO "workflows" VALUES(135,2,1,5,5,'f','f','WorkflowTransition',NULL,NULL);
INSERT INTO "workflows" VALUES(136,2,2,5,5,'f','f','WorkflowTransition',NULL,NULL);
INSERT INTO "workflows" VALUES(137,2,3,5,5,'f','f','WorkflowTransition',NULL,NULL);
INSERT INTO "workflows" VALUES(138,2,4,5,5,'f','f','WorkflowTransition',NULL,NULL);
INSERT INTO "workflows" VALUES(139,2,3,4,5,'f','f','WorkflowTransition',NULL,NULL);
INSERT INTO "workflows" VALUES(140,3,1,5,5,'f','f','WorkflowTransition',NULL,NULL);
INSERT INTO "workflows" VALUES(141,3,2,5,5,'f','f','WorkflowTransition',NULL,NULL);
INSERT INTO "workflows" VALUES(142,3,3,5,5,'f','f','WorkflowTransition',NULL,NULL);
INSERT INTO "workflows" VALUES(143,3,4,5,5,'f','f','WorkflowTransition',NULL,NULL);
INSERT INTO "workflows" VALUES(144,3,3,4,5,'f','f','WorkflowTransition',NULL,NULL);
CREATE TABLE "journals" ("id" INTEGER PRIMARY KEY AUTOINCREMENT NOT NULL, "journalized_id" integer DEFAULT 0 NOT NULL, "journalized_type" varchar(30) DEFAULT '' NOT NULL, "user_id" integer DEFAULT 0 NOT NULL, "notes" text, "created_on" datetime NOT NULL, "private_notes" boolean DEFAULT 'f' NOT NULL);
CREATE TABLE "comments" ("id" INTEGER PRIMARY KEY AUTOINCREMENT NOT NULL, "commented_type" varchar(30) DEFAULT '' NOT NULL, "commented_id" integer DEFAULT 0 NOT NULL, "author_id" integer DEFAULT 0 NOT NULL, "comments" text, "created_on" datetime NOT NULL, "updated_on" datetime NOT NULL);
CREATE TABLE "wikis" ("id" INTEGER PRIMARY KEY AUTOINCREMENT NOT NULL, "project_id" integer NOT NULL, "start_page" varchar(255) NOT NULL, "status" integer DEFAULT 1 NOT NULL);
INSERT INTO "wikis" VALUES(1,1,'Wiki',1);
CREATE TABLE "wiki_pages" ("id" INTEGER PRIMARY KEY AUTOINCREMENT NOT NULL, "wiki_id" integer NOT NULL, "title" varchar(255) NOT NULL, "created_on" datetime NOT NULL, "protected" boolean DEFAULT 'f' NOT NULL, "parent_id" integer);
INSERT INTO "wiki_pages" VALUES(1,1,'Wiki','2018-06-25 00:40:56.871175','f',NULL);
INSERT INTO "wiki_pages" VALUES(2,1,'IncludePages','2018-07-06 22:29:49.030143','f',NULL);
INSERT INTO "wiki_pages" VALUES(3,1,'AutomatedTickets','2018-07-06 22:31:54.257747','f',2);
INSERT INTO "wiki_pages" VALUES(4,1,'AutomatedTicketsFooter','2018-07-06 22:56:22.352569','f',3);
INSERT INTO "wiki_pages" VALUES(5,1,'AutomatedTicketsCleanFridgeCoils','2018-07-06 22:59:42.471688','f',3);
INSERT INTO "wiki_pages" VALUES(6,1,'AutomatedTicketsInventoryCatSupplies','2018-07-06 23:01:20.899454','f',3);
INSERT INTO "wiki_pages" VALUES(7,1,'AutomatedTicketsVacuumVehicles','2018-07-06 23:03:07.287724','f',3);
INSERT INTO "wiki_pages" VALUES(8,1,'AutomatedTicketsVehiclesCheckTirePressure','2018-07-06 23:06:39.754391','f',3);
INSERT INTO "wiki_pages" VALUES(9,1,'AutomatedTicketsVehiclesCleanWindows','2018-07-06 23:07:51.691758','f',3);
INSERT INTO "wiki_pages" VALUES(10,1,'AutomatedTicketsReplaceToothbrushes','2018-07-06 23:09:06.737892','f',3);
INSERT INTO "wiki_pages" VALUES(11,1,'AutomatedTicketsReplaceSinkWaterFilter','2018-07-06 23:10:09.619976','f',3);
INSERT INTO "wiki_pages" VALUES(12,1,'AutomatedTicketsPackLunchBoxWithRefills','2018-07-06 23:11:10.487503','f',3);
INSERT INTO "wiki_pages" VALUES(13,1,'AutomatedTicketsFeedCatsWetFood','2018-07-06 23:11:51.539354','f',3);
INSERT INTO "wiki_pages" VALUES(14,1,'AutomatedTicketsCleanPorches','2018-07-06 23:12:37.404669','f',3);
INSERT INTO "wiki_pages" VALUES(15,1,'AutomatedTicketsCleanGutters','2018-07-06 23:13:22.992044','f',3);
INSERT INTO "wiki_pages" VALUES(16,1,'AutomatedTicketsCleanFridgeShelves','2018-07-06 23:14:14.991239','f',3);
INSERT INTO "wiki_pages" VALUES(17,1,'AutomatedTicketsCleanBathroomFan','2018-07-06 23:14:56.561897','f',3);
INSERT INTO "wiki_pages" VALUES(18,1,'AutomatedTicketsCheckWorkSupplies','2018-07-06 23:17:59.287680','f',3);
INSERT INTO "wiki_pages" VALUES(19,1,'AutomatedTicketsCheckCatFoodFeeder','2018-07-06 23:18:50.402328','f',3);
INSERT INTO "wiki_pages" VALUES(20,1,'AutomatedTicketsChangeCatWater','2018-07-06 23:19:28.095148','f',3);
INSERT INTO "wiki_pages" VALUES(21,1,'AutomatedTicketsChangeCatPan','2018-07-06 23:20:12.788765','f',3);
INSERT INTO "wiki_pages" VALUES(22,1,'AutomatedTicketsAirFilterMaintenanceOffice','2018-07-06 23:20:55.940800','f',3);
INSERT INTO "wiki_pages" VALUES(23,1,'AutomatedTicketsAirFilterMaintenanceLivingRoom','2018-07-06 23:21:41.859537','f',3);
INSERT INTO "wiki_pages" VALUES(24,1,'AutomatedTicketsAirFilterMaintenanceKidsBedroom','2018-07-06 23:22:25.141615','f',3);
INSERT INTO "wiki_pages" VALUES(25,1,'AutomatedTicketsAirFilterMaintenanceCentral','2018-07-06 23:23:11.053389','f',3);
INSERT INTO "wiki_pages" VALUES(26,1,'AutomatedTicketsAddTabletsToCentralAirTray','2018-07-06 23:24:03.527935','f',3);
INSERT INTO "wiki_pages" VALUES(27,1,'AutomatedTicketsWashKidsBedclothes','2018-07-06 23:25:02.395437','f',3);
INSERT INTO "wiki_pages" VALUES(28,1,'AutomatedTicketsReplaceSinusRinseBottles','2018-07-06 23:25:40.799796','f',3);
INSERT INTO "wiki_pages" VALUES(29,1,'AutomatedTicketsPayBillWater','2018-07-06 23:26:23.043496','f',3);
INSERT INTO "wiki_pages" VALUES(30,1,'AutomatedTicketsPayBillVehicle','2018-07-06 23:27:25.201354','f',3);
INSERT INTO "wiki_pages" VALUES(31,1,'AutomatedTicketsAirFilterCPAP','2018-07-06 23:28:58.107839','f',3);
INSERT INTO "wiki_pages" VALUES(32,1,'AutomatedTicketsAirFilterMaintenanceMasterBedroom','2018-07-06 23:29:52.146529','f',3);
INSERT INTO "wiki_pages" VALUES(33,1,'AutomatedTicketsShredPaper','2018-07-06 23:35:29.618061','f',3);
INSERT INTO "wiki_pages" VALUES(34,1,'AutomatedTicketsSystemsDryEraseCalendar','2018-07-06 23:38:04.374459','f',3);
INSERT INTO "wiki_pages" VALUES(35,1,'Work_Area_Cleanup','2018-07-06 23:49:27.001512','f',1);
INSERT INTO "wiki_pages" VALUES(36,1,'AutomatedTicketsWorkAreaCleanup','2018-07-06 23:49:51.111516','f',3);
INSERT INTO "wiki_pages" VALUES(37,1,'AutomatedTicketsMailCheck','2018-07-06 23:58:18.644890','f',3);
INSERT INTO "wiki_pages" VALUES(38,1,'AutomatedTicketsCheckStorageSupplies','2018-07-07 00:00:06.251602','f',3);
INSERT INTO "wiki_pages" VALUES(39,1,'AutomatedTicketsManualPatching','2018-07-07 00:09:04.951444','f',3);
CREATE TABLE "watchers" ("id" INTEGER PRIMARY KEY AUTOINCREMENT NOT NULL, "watchable_type" varchar DEFAULT '' NOT NULL, "watchable_id" integer DEFAULT 0 NOT NULL, "user_id" integer);
CREATE TABLE "changesets_issues" ("changeset_id" integer NOT NULL, "issue_id" integer NOT NULL);
CREATE TABLE "issue_relations" ("id" INTEGER PRIMARY KEY AUTOINCREMENT NOT NULL, "issue_from_id" integer NOT NULL, "issue_to_id" integer NOT NULL, "relation_type" varchar DEFAULT '' NOT NULL, "delay" integer);
CREATE TABLE "messages" ("id" INTEGER PRIMARY KEY AUTOINCREMENT NOT NULL, "board_id" integer NOT NULL, "parent_id" integer, "subject" varchar DEFAULT '' NOT NULL, "content" text, "author_id" integer, "replies_count" integer DEFAULT 0 NOT NULL, "last_reply_id" integer, "created_on" datetime NOT NULL, "updated_on" datetime NOT NULL, "locked" boolean DEFAULT 'f', "sticky" integer DEFAULT 0);
CREATE TABLE "enabled_modules" ("id" INTEGER PRIMARY KEY AUTOINCREMENT NOT NULL, "project_id" integer, "name" varchar NOT NULL);
INSERT INTO "enabled_modules" VALUES(1,1,'issue_tracking');
INSERT INTO "enabled_modules" VALUES(2,1,'wiki');
INSERT INTO "enabled_modules" VALUES(3,2,'issue_tracking');
INSERT INTO "enabled_modules" VALUES(4,3,'issue_tracking');
INSERT INTO "enabled_modules" VALUES(5,4,'issue_tracking');
INSERT INTO "enabled_modules" VALUES(6,5,'issue_tracking');
CREATE TABLE "projects_trackers" ("project_id" integer DEFAULT 0 NOT NULL, "tracker_id" integer DEFAULT 0 NOT NULL);
INSERT INTO "projects_trackers" VALUES(1,1);
INSERT INTO "projects_trackers" VALUES(1,2);
INSERT INTO "projects_trackers" VALUES(1,3);
INSERT INTO "projects_trackers" VALUES(2,3);
INSERT INTO "projects_trackers" VALUES(3,1);
INSERT INTO "projects_trackers" VALUES(3,2);
INSERT INTO "projects_trackers" VALUES(3,3);
INSERT INTO "projects_trackers" VALUES(4,1);
INSERT INTO "projects_trackers" VALUES(4,2);
INSERT INTO "projects_trackers" VALUES(4,3);
INSERT INTO "projects_trackers" VALUES(5,1);
INSERT INTO "projects_trackers" VALUES(5,2);
INSERT INTO "projects_trackers" VALUES(5,3);
CREATE TABLE "versions" ("id" INTEGER PRIMARY KEY AUTOINCREMENT NOT NULL, "project_id" integer DEFAULT 0 NOT NULL, "name" varchar DEFAULT '' NOT NULL, "description" varchar DEFAULT '', "effective_date" date, "created_on" datetime, "updated_on" datetime, "wiki_page_title" varchar, "status" varchar DEFAULT 'open', "sharing" varchar DEFAULT 'none' NOT NULL);
CREATE TABLE "changesets" ("id" INTEGER PRIMARY KEY AUTOINCREMENT NOT NULL, "repository_id" integer NOT NULL, "revision" varchar NOT NULL, "committer" varchar, "committed_on" datetime NOT NULL, "comments" text, "commit_date" date, "scmid" varchar, "user_id" integer);
CREATE TABLE "open_id_authentication_associations" ("id" INTEGER PRIMARY KEY AUTOINCREMENT NOT NULL, "issued" integer, "lifetime" integer, "handle" varchar, "assoc_type" varchar, "server_url" blob, "secret" blob);
CREATE TABLE "open_id_authentication_nonces" ("id" INTEGER PRIMARY KEY AUTOINCREMENT NOT NULL, "timestamp" integer NOT NULL, "server_url" varchar, "salt" varchar NOT NULL);
CREATE TABLE "settings" ("id" INTEGER PRIMARY KEY AUTOINCREMENT NOT NULL, "name" varchar(255) DEFAULT '' NOT NULL, "value" text, "updated_on" datetime);
INSERT INTO "settings" VALUES(1,'mail_handler_body_delimiters','','2018-07-06 00:04:31.933485');
INSERT INTO "settings" VALUES(2,'mail_handler_enable_regex_delimiters','0','2018-07-06 00:04:31.947982');
INSERT INTO "settings" VALUES(3,'mail_handler_excluded_filenames','','2018-07-06 00:04:31.959314');
INSERT INTO "settings" VALUES(4,'mail_handler_api_enabled','1','2018-07-06 00:04:31.969657');
INSERT INTO "settings" VALUES(5,'mail_handler_api_key','RBAhsrrE9XLifVy9Isdv','2018-07-06 00:04:31.979314');
INSERT INTO "settings" VALUES(6,'app_title','Automated Tickets Development: SQLite','2018-07-06 17:27:21.858558');
INSERT INTO "settings" VALUES(7,'welcome_text','Demo/Test environment for the Automated Tickets project.

See these repos for additional info:

* https://github.com/WhyAskWhy/automated-tickets
* https://github.com/WhyAskWhy/automated-tickets-dev','2018-07-06 17:27:21.867609');
INSERT INTO "settings" VALUES(8,'per_page_options','25,50,100','2018-07-06 17:27:21.872265');
INSERT INTO "settings" VALUES(9,'search_results_per_page','10','2018-07-06 17:27:21.877491');
INSERT INTO "settings" VALUES(10,'activity_days_default','30','2018-07-06 17:27:21.882052');
INSERT INTO "settings" VALUES(11,'host_name','localhost:3000','2018-07-06 17:27:21.886429');
INSERT INTO "settings" VALUES(12,'protocol','http','2018-07-06 17:27:21.890881');
INSERT INTO "settings" VALUES(13,'text_formatting','textile','2018-07-06 17:27:21.896687');
INSERT INTO "settings" VALUES(14,'cache_formatted_text','0','2018-07-06 17:27:21.903905');
INSERT INTO "settings" VALUES(15,'wiki_compression','','2018-07-06 17:27:21.911651');
INSERT INTO "settings" VALUES(16,'feeds_limit','15','2018-07-06 17:27:21.916164');
INSERT INTO "settings" VALUES(17,'login_required','0','2018-07-06 17:28:35.615069');
INSERT INTO "settings" VALUES(18,'autologin','0','2018-07-06 17:28:35.629507');
INSERT INTO "settings" VALUES(19,'self_registration','2','2018-07-06 17:28:35.638342');
INSERT INTO "settings" VALUES(20,'show_custom_fields_on_registration','1','2018-07-06 17:28:35.643626');
INSERT INTO "settings" VALUES(21,'unsubscribe','0','2018-07-06 17:28:35.648080');
INSERT INTO "settings" VALUES(22,'password_min_length','5','2018-07-06 17:28:35.655048');
INSERT INTO "settings" VALUES(23,'password_max_age','0','2018-07-06 17:28:35.660814');
INSERT INTO "settings" VALUES(24,'lost_password','0','2018-07-06 17:28:35.670483');
INSERT INTO "settings" VALUES(25,'max_additional_emails','5','2018-07-06 17:28:35.676331');
INSERT INTO "settings" VALUES(26,'openid','0','2018-07-06 17:28:35.681316');
INSERT INTO "settings" VALUES(27,'session_lifetime','0','2018-07-06 17:28:35.686820');
INSERT INTO "settings" VALUES(28,'session_timeout','0','2018-07-06 17:28:35.692506');
INSERT INTO "settings" VALUES(29,'default_users_hide_mail','1','2018-07-06 17:28:35.698327');
INSERT INTO "settings" VALUES(30,'default_users_time_zone','','2018-07-06 17:28:35.706757');
INSERT INTO "settings" VALUES(31,'cross_project_issue_relations','1','2018-07-06 17:47:47.846487');
INSERT INTO "settings" VALUES(32,'link_copied_issue','ask','2018-07-06 17:47:47.850996');
INSERT INTO "settings" VALUES(33,'cross_project_subtasks','tree','2018-07-06 17:47:47.855165');
INSERT INTO "settings" VALUES(34,'issue_group_assignment','1','2018-07-06 17:47:47.859480');
INSERT INTO "settings" VALUES(35,'default_issue_start_date_to_creation_date','1','2018-07-06 17:47:47.863613');
INSERT INTO "settings" VALUES(36,'display_subprojects_issues','1','2018-07-06 17:47:47.868275');
INSERT INTO "settings" VALUES(37,'issue_done_ratio','issue_field','2018-07-06 17:47:47.873673');
INSERT INTO "settings" VALUES(38,'non_working_week_days','---
- ''6''
- ''7''
','2018-07-06 17:47:47.880465');
INSERT INTO "settings" VALUES(39,'issues_export_limit','500','2018-07-06 17:47:47.884826');
INSERT INTO "settings" VALUES(40,'gantt_items_limit','500','2018-07-06 17:47:47.890257');
INSERT INTO "settings" VALUES(41,'parent_issue_dates','derived','2018-07-06 17:47:47.894529');
INSERT INTO "settings" VALUES(42,'parent_issue_priority','derived','2018-07-06 17:47:47.898746');
INSERT INTO "settings" VALUES(43,'parent_issue_done_ratio','derived','2018-07-06 17:47:47.906185');
INSERT INTO "settings" VALUES(44,'issue_list_default_columns','---
- tracker
- status
- priority
- subject
- assigned_to
- updated_on
','2018-07-06 17:47:47.910450');
INSERT INTO "settings" VALUES(45,'issue_list_default_totals','--- []
','2018-07-06 17:47:47.915348');
INSERT INTO "settings" VALUES(46,'default_projects_public','1','2018-07-07 22:03:19.399397');
INSERT INTO "settings" VALUES(47,'default_projects_modules','---
- issue_tracking
','2018-07-07 22:03:19.422802');
INSERT INTO "settings" VALUES(48,'default_projects_tracker_ids','---
- ''1''
- ''2''
- ''3''
','2018-07-07 22:03:19.456660');
INSERT INTO "settings" VALUES(49,'sequential_project_identifiers','0','2018-07-07 22:03:19.472664');
CREATE TABLE "member_roles" ("id" INTEGER PRIMARY KEY AUTOINCREMENT NOT NULL, "member_id" integer NOT NULL, "role_id" integer NOT NULL, "inherited_from" integer);
INSERT INTO "member_roles" VALUES(1,1,3,NULL);
INSERT INTO "member_roles" VALUES(2,2,3,NULL);
INSERT INTO "member_roles" VALUES(3,3,5,NULL);
INSERT INTO "member_roles" VALUES(4,4,5,NULL);
INSERT INTO "member_roles" VALUES(5,5,3,NULL);
INSERT INTO "member_roles" VALUES(6,6,5,NULL);
INSERT INTO "member_roles" VALUES(7,7,3,NULL);
CREATE TABLE "members" ("id" INTEGER PRIMARY KEY AUTOINCREMENT NOT NULL, "user_id" integer DEFAULT 0 NOT NULL, "project_id" integer DEFAULT 0 NOT NULL, "created_on" datetime, "mail_notification" boolean DEFAULT 'f' NOT NULL);
INSERT INTO "members" VALUES(1,1,2,'2018-07-06 00:06:19.065292','f');
INSERT INTO "members" VALUES(2,1,4,'2018-07-06 23:45:19.641876','f');
INSERT INTO "members" VALUES(3,5,4,'2018-07-07 00:05:28.544763','f');
INSERT INTO "members" VALUES(4,5,3,'2018-07-07 00:05:28.553758','f');
INSERT INTO "members" VALUES(5,1,3,'2018-07-07 00:13:35.501944','f');
INSERT INTO "members" VALUES(6,5,5,'2018-07-07 21:45:26.138727','f');
INSERT INTO "members" VALUES(7,1,5,'2018-07-07 21:45:35.910753','f');
CREATE TABLE "groups_users" ("group_id" integer NOT NULL, "user_id" integer NOT NULL);
CREATE TABLE "changes" ("id" INTEGER PRIMARY KEY AUTOINCREMENT NOT NULL, "changeset_id" integer NOT NULL, "action" varchar(1) DEFAULT '' NOT NULL, "path" text NOT NULL, "from_path" text, "from_revision" varchar, "revision" varchar, "branch" varchar);
CREATE TABLE "projects" ("id" INTEGER PRIMARY KEY AUTOINCREMENT NOT NULL, "name" varchar DEFAULT '' NOT NULL, "description" text, "homepage" varchar DEFAULT '', "is_public" boolean DEFAULT 't' NOT NULL, "parent_id" integer, "created_on" datetime, "updated_on" datetime, "identifier" varchar, "status" integer DEFAULT 1 NOT NULL, "lft" integer, "rgt" integer, "inherit_members" boolean DEFAULT 'f' NOT NULL, "default_version_id" integer, "default_assigned_to_id" integer);
INSERT INTO "projects" VALUES(1,'Documentation','Demo project to hold wiki pages for:

* https://github.com/WhyAskWhy/automated-tickets
* https://github.com/WhyAskWhy/automated-tickets-dev
','https://github.com/WhyAskWhy/automated-tickets-dev','t',NULL,'2018-06-25 00:40:31.986862','2018-07-06 23:47:01.967736','docs',1,3,4,'f',NULL,NULL);
INSERT INTO "projects" VALUES(2,'Unassigned','','','t',NULL,'2018-07-06 00:05:43.333187','2018-07-06 00:05:43.333187','unassigned',1,9,10,'f',NULL,NULL);
INSERT INTO "projects" VALUES(3,'Server Support','','','t',NULL,'2018-07-06 23:43:55.216225','2018-07-06 23:43:55.216225','server-support',1,7,8,'f',NULL,NULL);
INSERT INTO "projects" VALUES(4,'Desktop Support','','','t',NULL,'2018-07-06 23:44:30.017771','2018-07-06 23:44:30.017771','desktop-support',1,1,2,'f',NULL,NULL);
INSERT INTO "projects" VALUES(5,'Home','Target project for "Home" tasks.

Tasks for this project are intended to be in contrast to those set within an enterprise/educational environment (e.g, project:desktop-support and project:server-support).','','t',NULL,'2018-07-07 21:45:09.224162','2018-07-07 21:45:09.224162','home',1,5,6,'f',NULL,NULL);
CREATE TABLE "repositories" ("id" INTEGER PRIMARY KEY AUTOINCREMENT NOT NULL, "project_id" integer DEFAULT 0 NOT NULL, "url" varchar DEFAULT '' NOT NULL, "login" varchar(60) DEFAULT '', "password" varchar DEFAULT '', "root_url" varchar(255) DEFAULT '', "type" varchar, "path_encoding" varchar(64), "log_encoding" varchar(64), "extra_info" text, "identifier" varchar, "is_default" boolean DEFAULT 'f', "created_on" datetime);
CREATE TABLE "journal_details" ("id" INTEGER PRIMARY KEY AUTOINCREMENT NOT NULL, "journal_id" integer DEFAULT 0 NOT NULL, "property" varchar(30) DEFAULT '' NOT NULL, "prop_key" varchar(30) DEFAULT '' NOT NULL, "old_value" text, "value" text);
CREATE TABLE "changeset_parents" ("changeset_id" integer NOT NULL, "parent_id" integer NOT NULL);
CREATE TABLE "issues" ("id" INTEGER PRIMARY KEY AUTOINCREMENT NOT NULL, "tracker_id" integer NOT NULL, "project_id" integer NOT NULL, "subject" varchar DEFAULT '' NOT NULL, "description" text, "due_date" date, "category_id" integer, "status_id" integer NOT NULL, "assigned_to_id" integer, "priority_id" integer NOT NULL, "fixed_version_id" integer, "author_id" integer NOT NULL, "lock_version" integer DEFAULT 0 NOT NULL, "created_on" datetime, "updated_on" datetime, "start_date" date, "done_ratio" integer DEFAULT 0 NOT NULL, "estimated_hours" float, "parent_id" integer, "root_id" integer, "lft" integer, "rgt" integer, "is_private" boolean DEFAULT 'f' NOT NULL, "closed_on" datetime);
INSERT INTO "issues" VALUES(1,3,2,'Test email number 2','Testing against literal ''automated-tickets-sqlite'' bare alias',NULL,1,1,1,2,NULL,4,0,'2018-07-06 22:17:56.604318','2018-07-06 22:17:56.604318','2018-07-06',0,NULL,NULL,1,1,2,'f',NULL);
INSERT INTO "issues" VALUES(2,3,2,'Test email number 1','Testing against alias for SQLite database using literal alias ''automated-tickets-sqlite@localhost alias''',NULL,1,1,1,2,NULL,4,0,'2018-07-06 22:20:01.248759','2018-07-06 22:20:01.248759','2018-07-06',0,NULL,NULL,2,1,2,'f',NULL);
CREATE TABLE "queries_roles" ("query_id" integer NOT NULL, "role_id" integer NOT NULL);
CREATE TABLE "queries" ("id" INTEGER PRIMARY KEY AUTOINCREMENT NOT NULL, "project_id" integer, "name" varchar DEFAULT '' NOT NULL, "filters" text, "user_id" integer DEFAULT 0 NOT NULL, "column_names" text, "sort_criteria" text, "group_by" varchar, "type" varchar, "visibility" integer DEFAULT 0, "options" text);
CREATE TABLE "custom_fields_roles" ("custom_field_id" integer NOT NULL, "role_id" integer NOT NULL);
CREATE TABLE "wiki_redirects" ("id" INTEGER PRIMARY KEY AUTOINCREMENT NOT NULL, "wiki_id" integer NOT NULL, "title" varchar, "redirects_to" varchar, "created_on" datetime NOT NULL, "redirects_to_wiki_id" integer NOT NULL);
CREATE TABLE "email_addresses" ("id" INTEGER PRIMARY KEY AUTOINCREMENT NOT NULL, "user_id" integer NOT NULL, "address" varchar NOT NULL, "is_default" boolean DEFAULT 'f' NOT NULL, "notify" boolean DEFAULT 't' NOT NULL, "created_on" datetime NOT NULL, "updated_on" datetime NOT NULL);
INSERT INTO "email_addresses" VALUES(1,1,'admin@example.net','t','t','2018-06-25 00:25:30.420906','2018-06-25 00:25:30.420906');
INSERT INTO "email_addresses" VALUES(2,5,'automated-reminders@example.com','t','t','2018-07-07 00:05:13.168973','2018-07-07 00:05:13.168973');
CREATE TABLE "users" ("id" INTEGER PRIMARY KEY AUTOINCREMENT NOT NULL, "login" varchar DEFAULT '' NOT NULL, "hashed_password" varchar(40) DEFAULT '' NOT NULL, "firstname" varchar(30) DEFAULT '' NOT NULL, "lastname" varchar(255) DEFAULT '' NOT NULL, "admin" boolean DEFAULT 'f' NOT NULL, "status" integer DEFAULT 1 NOT NULL, "last_login_on" datetime, "language" varchar(5) DEFAULT '', "auth_source_id" integer, "created_on" datetime, "updated_on" datetime, "type" varchar, "identity_url" varchar, "mail_notification" varchar DEFAULT '' NOT NULL, "salt" varchar(64), "must_change_passwd" boolean DEFAULT 'f' NOT NULL, "passwd_changed_on" datetime);
INSERT INTO "users" VALUES(1,'admin','fd250c6c00e2f9a1f91705e5841335fe656cc12e','Redmine','Admin','t',1,'2018-07-07 21:41:59.747934','',NULL,'2018-06-25 00:25:28.662285','2018-07-06 17:30:20.420715','User',NULL,'all','8f9134b64b450d36339c00f32f7ea39f','f','2018-07-06 17:30:20.000000');
INSERT INTO "users" VALUES(2,'','','','Anonymous users','f',1,NULL,'',NULL,'2018-06-25 00:25:30.356543','2018-06-25 00:25:30.356543','GroupAnonymous',NULL,'',NULL,'f',NULL);
INSERT INTO "users" VALUES(3,'','','','Non member users','f',1,NULL,'',NULL,'2018-06-25 00:25:30.373902','2018-06-25 00:25:30.373902','GroupNonMember',NULL,'',NULL,'f',NULL);
INSERT INTO "users" VALUES(4,'','','','Anonymous','f',0,NULL,'',NULL,'2018-06-25 00:38:20.851301','2018-06-25 00:38:20.851301','AnonymousUser',NULL,'only_my_events',NULL,'f',NULL);
INSERT INTO "users" VALUES(5,'automated-reminders','af68336d67df9bb5c745fa02448dfbe673d04ac5','Automated','Reminders','f',1,NULL,'en',NULL,'2018-07-07 00:05:13.159691','2018-07-07 00:05:13.159691','User',NULL,'none','9604c7286695cc270f9ae8e21369bdec','f','2018-07-07 00:05:13.000000');
CREATE TABLE "documents" ("id" INTEGER PRIMARY KEY AUTOINCREMENT NOT NULL, "project_id" integer DEFAULT 0 NOT NULL, "category_id" integer DEFAULT 0 NOT NULL, "title" varchar DEFAULT '' NOT NULL, "description" text, "created_on" datetime);
CREATE TABLE "roles_managed_roles" ("role_id" integer NOT NULL, "managed_role_id" integer NOT NULL);
CREATE TABLE "imports" ("id" INTEGER PRIMARY KEY AUTOINCREMENT NOT NULL, "type" varchar, "user_id" integer NOT NULL, "filename" varchar, "settings" text, "total_items" integer, "finished" boolean DEFAULT 'f' NOT NULL, "created_at" datetime NOT NULL, "updated_at" datetime NOT NULL);
CREATE TABLE "import_items" ("id" INTEGER PRIMARY KEY AUTOINCREMENT NOT NULL, "import_id" integer NOT NULL, "position" integer NOT NULL, "obj_id" integer, "message" text);
CREATE TABLE "time_entries" ("id" INTEGER PRIMARY KEY AUTOINCREMENT NOT NULL, "project_id" integer NOT NULL, "user_id" integer NOT NULL, "issue_id" integer, "hours" float NOT NULL, "comments" varchar(1024), "activity_id" integer NOT NULL, "spent_on" date NOT NULL, "tyear" integer NOT NULL, "tmonth" integer NOT NULL, "tweek" integer NOT NULL, "created_on" datetime NOT NULL, "updated_on" datetime NOT NULL);
CREATE TABLE "wiki_content_versions" ("id" INTEGER PRIMARY KEY AUTOINCREMENT NOT NULL, "wiki_content_id" integer NOT NULL, "page_id" integer NOT NULL, "author_id" integer, "data" blob, "compression" varchar(6) DEFAULT '', "comments" varchar(1024) DEFAULT '', "updated_on" datetime NOT NULL, "version" integer NOT NULL);
INSERT INTO "wiki_content_versions" VALUES(1,1,1,1,X'68312E2057696B690D0A0D0A7B7B6368696C645F70616765737D7D0D0A','','Add child_pages macro','2018-06-25 00:40:56.874211',1);
INSERT INTO "wiki_content_versions" VALUES(2,2,2,1,X'68312E20496E636C7564652070616765730D0A0D0A506172656E74207061676520746F20726F6F7420696E636C7564652070616765732066726F6D2E0D0A0D0A7B7B6368696C645F70616765737D7D0D0A','','Stub page','2018-07-06 22:29:49.033028',1);
INSERT INTO "wiki_content_versions" VALUES(3,3,3,1,X'7B7B3E746F637D7D0D0A0D0A68312E204175746F6D617465645469636B6574730D0A0D0A68322E204F766572766965770D0A0D0A42656C6F7720617265207468652077696B6920706167657320746861742061726520736F75726365642F696E636C7564656420627920766172696F7573207363726970747320746861742077652075736520746F2067656E657261746520226175746F6D61746564207469636B657473222E204D6F7374206F662074686F7365206172652067656E6572617465642062792074686520406175746F6D617465645F7469636B6574732E7079402073637269707420746861742072756E73206F6E207468652073657276657220686F7374696E67207468697320736974652C2062757420736F6D6520736372697074732072756E206F6E206F7468657220626F78657320616E64206D616B6520696E636C756465207265666572656E63657320746F206F6E65206F72206D6F7265206F662074686573652070616765732E205468697320697320646F6E6520746F2070726F76696465206120636F6E73697374656E7420736574206F6620696E737472756374696F6E7320666F7220616E796F6E652077686F2070726F6365737365732074686F7365207469636B6574732E0D0A0D0A53656520746865736520706167657320666F72206D6F726520696E666F726D6174696F6E3A0D0A0D0A2A205B5B646F63733A4175746F6D617465645F5469636B6574735D5D0D0A0D0A68322E204175746F6D61746564205469636B657420696E636C7564652070616765730D0A0D0A7B7B6368696C645F70616765737D7D0D0A0D0A','','Rough draft','2018-07-06 22:31:54.259921',1);
INSERT INTO "wiki_content_versions" VALUES(4,3,3,1,X'7B7B3E746F637D7D0D0A0D0A68312E204175746F6D617465645469636B6574730D0A0D0A68322E204F766572766965770D0A0D0A42656C6F7720617265207468652077696B6920706167657320746861742061726520736F75726365642F696E636C7564656420627920766172696F7573207363726970747320746861742077652075736520746F2067656E657261746520226175746F6D61746564207469636B657473222E204D6F7374206F662074686F7365206172652067656E6572617465642062792074686520406175746F6D617465645F7469636B6574732E7079402073637269707420746861742072756E73206F6E207468652073657276657220686F7374696E67207468697320736974652C2062757420736F6D6520736372697074732072756E206F6E206F7468657220626F78657320616E64206D616B6520696E636C756465207265666572656E63657320746F206F6E65206F72206D6F7265206F662074686573652070616765732E205468697320697320646F6E6520746F2070726F76696465206120636F6E73697374656E7420736574206F6620696E737472756374696F6E7320666F7220616E796F6E652077686F2070726F6365737365732074686F7365207469636B6574732E0D0A0D0A68322E204175746F6D61746564205469636B657420696E636C7564652070616765730D0A0D0A7B7B6368696C645F70616765737D7D0D0A0D0A','','Remove unused page ref','2018-07-06 22:54:48.672089',2);
INSERT INTO "wiki_content_versions" VALUES(5,4,4,1,X'2D2D2D0D0A0D0A596F752063616E20636C6F73652074686973207469636B657420627920726573706F6E64696E6720746F207468697320656D61696C207769746820405374617475733A20436C6F7365644020616C6C206F6E2061206C696E6520627920697473656C662E205468697320776F726B73206265737420627920696E636C7564696E6720612073686F7274207374617475732075706461746520746F206E6F74652077687920796F7527726520636C6F73696E672069742E','','Create footer for inclusion by all AutomatedTickets include pages','2018-07-06 22:56:22.355693',1);
INSERT INTO "wiki_content_versions" VALUES(6,5,5,1,X'2320436C65616E2066726964676520636F696C730D0A232056616375756D206C6F6F7365206D617474657220616E6420636C65616E2062727573680D0A0D0A7B7B696E636C75646528646F63733A4175746F6D617465645469636B657473466F6F746572297D7D','','First draft','2018-07-06 22:59:42.474029',1);
INSERT INTO "wiki_content_versions" VALUES(7,6,6,1,X'436865636B20746865736520737570706C69657320616E642075706461746520746865206F72646572206C6973743A0D0A0D0A2A204C69747465720D0A2A2042616B696E6720736F64610D0A2A20466F6F640D0A0D0A5768696C6520646F696E6720746869732C20676C616E636520617420746865697220666F6F6420616E64207761746572206C6576656C7320287365706172617465207469636B65742C20627574206120676F6F64206861626974207265676172646C657373292E0D0A0D0A7B7B696E636C75646528646F63733A4175746F6D617465645469636B657473466F6F746572297D7D','','Create initial page','2018-07-06 23:01:20.902051',1);
INSERT INTO "wiki_content_versions" VALUES(8,7,7,1,X'416C6C2076656869636C65733A0D0A0D0A232056616375756D0D0A232052656D6F7665206465627269730D0A0D0A7B7B696E636C75646528646F63733A4175746F6D617465645469636B657473466F6F746572297D7D','','Create initial page','2018-07-06 23:03:07.290601',1);
INSERT INTO "wiki_content_versions" VALUES(9,8,8,1,X'436865636B2074697265207072657373757265206F6E20616C6C2076656869636C657320616E6420616464207072657373757265206173206E65656465642E0D0A0D0A7C5F2E56656869636C657C5F2E50726573737572657C0D0A7C4361727C46494C4C205448495320494E7C0D0A7C56616E7C46494C4C205448495320494E7C0D0A7C547275636B7C46494C4C205448495320494E7C0D0A0D0A7B7B696E636C75646528646F63733A4175746F6D617465645469636B657473466F6F746572297D7D','','Create initial page','2018-07-06 23:06:39.757119',1);
INSERT INTO "wiki_content_versions" VALUES(10,9,9,1,X'2A20436C65616E2077696E646F777320696E20616C6C2076656869636C65732E0D0A2A204D616B652073757265207468657265206973206120636C65616E20636C65616E696E6720636C6F746820696E20676C6F766520626F782028746F206265207573656420666F7220776970696E6720696E7369646520676C617373207768696C652074726176656C696E67292E0D0A0D0A7B7B696E636C75646528646F63733A4175746F6D617465645469636B657473466F6F746572297D7D','','Create initial page','2018-07-06 23:07:51.694199',1);
INSERT INTO "wiki_content_versions" VALUES(11,10,10,1,X'49742069732074696D6520746F207377617020746F6F74686272757368657320616E6420636865636B206F75722073746F636B2E204966206C6F772C207765206E65656420746F206164642061206E6577207061636B61676520746F20746865206F72646572206C6973742E0D0A0D0A4E6F74653A204576656E206966207468657265206973207374696C6C206C696665206C656674206F6E20746865206578697374696E6720627275736865732C2069742069732073756767657374656420746F20676F20616865616420616E64207265706C616365206E6F7720746F206B65657020746865207363686564756C6520636F6E73697374656E742E0D0A0D0A7B7B696E636C75646528646F63733A4175746F6D617465645469636B657473466F6F746572297D7D','','Create initial page','2018-07-06 23:09:06.740187',1);
INSERT INTO "wiki_content_versions" VALUES(12,11,11,1,X'232046697273742C20636865636B2074686520476F6F676C652043616C656E64617220656E74727920746F2073656520776861742073706563696669632064617465207468652066696C7465722073686F756C64206265207265706C616365640D0A232A205F74686973207363726970742069732063757272656E746C79206C696D6974656420696E20697473207363686564756C696E672066756E6374696F6E616C6974793B2065766572792058207765656B732069732070726F626C656D617469635F0D0A23205570646174652074686520647565206461746520666F722074686973207469636B657420746F207265666C656374207468617420737065636966696320646174650D0A2320526574726965766520612073706172652066696C7465722066697273742028697420776F756C646E277420626520676F6F6420746F2072656D6F766520746865206F6C64206F6E65206265666F7265206D616B696E672073757265207468657265205F69735F2061206E6577206F6E65290D0A232052696E7365206F7574207468652066696C7465722063616E69737465720D0A2320496E73657274206E65772066696C7465720D0A232052756E20776174657220666F722066697665206D696E75746573206174206D656469756D2070726573737572650D0A2320546173746520746573740D0A2320446F75626C652D636865636B2063757272656E742073746F636B2C2061646420746F206F72646572206C697374206966206C6F770D0A0D0A7B7B696E636C75646528646F63733A4175746F6D617465645469636B657473466F6F746572297D7D0D0A','','Create initial page','2018-07-06 23:10:09.623876',1);
INSERT INTO "wiki_content_versions" VALUES(13,12,12,1,X'232052657669657720696E76656E746F72790D0A2320416464206974656D7320746F206C756E6368626F7820666F7220776F726B0D0A0D0A7B7B696E636C75646528646F63733A4175746F6D617465645469636B657473466F6F746572297D7D','','Create initial page','2018-07-06 23:11:10.490424',1);
INSERT INTO "wiki_content_versions" VALUES(14,13,13,1,X'5468652077657420666F6F6420697320612074726561742C2062757420746865206D61696E20707572706F73652069732061732061206361727269657220666F7220746865206372616E626572727920706F776465722E205468697320697320696E74656E64656420617320612074726561746D656E7420666F7220746865697220626C61646465727320746F2068656C702070726576656E7420726570656174206B69646E657920696E66656374696F6E732E0D0A0D0A7B7B696E636C75646528646F63733A4175746F6D617465645469636B657473466F6F746572297D7D','','Create initial page','2018-07-06 23:11:51.541842',1);
INSERT INTO "wiki_content_versions" VALUES(15,14,14,1,X'436C65616E2066726F6E7420616E64206261636B20706F72636865732E0D0A0D0A7B7B696E636C75646528646F63733A4175746F6D617465645469636B657473466F6F746572297D7D','','Create initial page','2018-07-06 23:12:37.407263',1);
INSERT INTO "wiki_content_versions" VALUES(16,15,15,1,X'537570706C69657320757365643A0D0A0D0A2A206D6F702068616E646C650D0A2A2A205F7573656420746F2070757368206C6561766573206F7574206F66206775747465725F0D0A2A206361626C6520746965730D0A2A2A205F666F72207365637572696E67206D6F702068616E646C655F0D0A2A20676C6F7665730D0A2A205320686F6F6B0D0A2A2A205F666F7220686F6C64696E67206D6F702068616E646C652066726F6D20746F70206F66206C61646465725F0D0A2A206C61646465720D0A2A20706F6C65207361770D0A2A2A205F7573656420746F20736372617065206C6561766573206F6666206F662066726F6E7420726F6F662C206E65656420736F6D657468696E67206265747465725F0D0A0D0A7B7B696E636C75646528646F63733A4175746F6D617465645469636B657473466F6F746572297D7D','','Create initial page','2018-07-06 23:13:22.994777',1);
INSERT INTO "wiki_content_versions" VALUES(17,16,16,1,X'232052656D6F76652072616E646F6D20636F6E7461696E6572730D0A232052656D6F7665206F6C6420666F6F640D0A23205265766965772073746F636B0D0A2320436C65616E207368656C76657320746F2072656D6F7665207370696C6C656420666F6F64206D61747465720D0A0D0A7B7B696E636C75646528646F63733A4175746F6D617465645469636B657473466F6F746572297D7D','','Create initial page','2018-07-06 23:14:14.993706',1);
INSERT INTO "wiki_content_versions" VALUES(18,17,17,1,X'23204272757368207468652076656E7420636F7665720D0A232056616375756D207468652076656E7420636F7665720D0A232056616375756D20666C6F6F72207768657265206465627269732066656C6C0D0A232056616375756D2066616E20697473656C660D0A0D0A7B7B696E636C75646528646F63733A4175746F6D617465645469636B657473466F6F746572297D7D','','Create initial page','2018-07-06 23:14:56.564353',1);
INSERT INTO "wiki_content_versions" VALUES(19,18,18,1,X'2320436865636B20776F726B20737570706C6965730D0A232055706461746520696E76656E746F72790D0A2320506F7374206974656D7320746F2074686973207469636B657420746F206272696E672077697468206D65206F6E204D6F6E6461790D0A0D0A7B7B696E636C75646528646F63733A4175746F6D617465645469636B657473466F6F746572297D7D0D0A','','Create initial page','2018-07-06 23:17:59.290031',1);
INSERT INTO "wiki_content_versions" VALUES(20,19,19,1,X'496E206164646974696F6E20746F206D616B696E672073757265206974206973206174206C656173742068616C662066756C6C2C2074686973206973206120676F6F642074696D6520746F20636865636B20746865207175616E74697479206F6620756E6F70656E65642063617420666F6F642077652068617665206F6E2068616E642E0D0A0D0A7B7B696E636C75646528646F63733A4175746F6D617465645469636B657473466F6F746572297D7D','','Create initial page','2018-07-06 23:18:50.404707',1);
INSERT INTO "wiki_content_versions" VALUES(21,20,20,1,X'53776170206F757420626F776C732E0D0A0D0A7B7B696E636C75646528646F63733A4175746F6D617465645469636B657473466F6F746572297D7D0D0A','','Create initial page','2018-07-06 23:19:28.098305',1);
INSERT INTO "wiki_content_versions" VALUES(22,21,21,1,X'507265702073706172652070616E2066697273742C2064756D70206F6C642070616E20616E64207761736820666F7220757365206174206E657874207363686564756C656420737761702E0D0A0D0A7B7B696E636C75646528646F63733A4175746F6D617465645469636B657473466F6F746572297D7D','','Create initial page','2018-07-06 23:20:12.792010',1);
INSERT INTO "wiki_content_versions" VALUES(23,22,22,1,X'5265706C616365206F7220636C65616E2070726520616E64206D61696E206169722066696C7465722E0D0A0D0A7B7B696E636C75646528646F63733A4175746F6D617465645469636B657473466F6F746572297D7D','','Create initial page','2018-07-06 23:20:55.943254',1);
INSERT INTO "wiki_content_versions" VALUES(24,23,23,1,X'5265706C616365206F7220636C65616E2070726520616E64206D61696E206169722066696C7465722E0D0A0D0A7B7B696E636C75646528646F63733A4175746F6D617465645469636B657473466F6F746572297D7D','','Create initial page','2018-07-06 23:21:41.862386',1);
INSERT INTO "wiki_content_versions" VALUES(25,24,24,1,X'5265706C616365206F7220636C65616E2070726520616E64206D61696E206169722066696C7465722E0D0A0D0A7B7B696E636C75646528646F63733A4175746F6D617465645469636B657473466F6F746572297D7D0D0A','','Create initial page','2018-07-06 23:22:25.144148',1);
INSERT INTO "wiki_content_versions" VALUES(26,25,25,1,X'5265706C616365206F7220636C65616E2063656E7472616C206169722066696C7465722E204966207573696E67206120646973706F7361626C652066696C7465722C206D61726B207468652063757272656E742064617465207468617420796F7527726520696E7374616C6C696E6720746865206E65772066696C7465722E20426F6E757320706F696E74733A206164642072656C61746564207469636B6574206E756D626572206173202A40736565202331323334402A2E0D0A0D0A7B7B696E636C75646528646F63733A4175746F6D617465645469636B657473466F6F746572297D7D','','Create initial page','2018-07-06 23:23:11.055741',1);
INSERT INTO "wiki_content_versions" VALUES(27,26,26,1,X'2320416464206F6E65207461626C657420746F207472617920626568696E642063656E7472616C206169722066696C7465720D0A23204578616D696E65207472617920666F7220627265616B73206F72206C65616B730D0A23204578616D696E6520737572726F756E64696E6720617265617320666F7220646973636F6C6F726174696F6E0D0A0D0A7B7B696E636C75646528646F63733A4175746F6D617465645469636B657473466F6F746572297D7D','','Create initial page','2018-07-06 23:24:03.530322',1);
INSERT INTO "wiki_content_versions" VALUES(28,27,27,1,X'5761736820736865657473207573656420696E20746865206B69647320626564726F6F6D2E0D0A0D0A7B7B696E636C75646528646F63733A4175746F6D617465645469636B657473466F6F746572297D7D','','Create initial page','2018-07-06 23:25:02.398169',1);
INSERT INTO "wiki_content_versions" VALUES(29,28,28,1,X'5265706C61636520616C6C2073696E75732072696E736520626F74746C657320776974682073706172657320696E2074686520636162696E65742E0D0A0D0A7B7B696E636C75646528646F63733A4175746F6D617465645469636B657473466F6F746572297D7D','','Create initial page','2018-07-06 23:25:40.802574',1);
INSERT INTO "wiki_content_versions" VALUES(30,29,29,1,X'506179207468652077617465722062696C6C2E205468697320697320757375616C6C7920646F6E6520627920696E6974696174696E6720612062616E6B207061796D656E743F0D0A0D0A4E6F74653A20546869732073686F756C642074726967676572206F6E20746865206669727374206F6620746865206D6F6E74682077697468206120647565206461746520392064617973206C617465722E0D0A0D0A7B7B696E636C75646528646F63733A4175746F6D617465645469636B657473466F6F746572297D7D','','Create initial page','2018-07-06 23:26:23.045953',1);
INSERT INTO "wiki_content_versions" VALUES(31,30,30,1,X'506179207468652076616E206E6F74652E20546869732069732063757272656E746C7920646F6E6520627920696E6974696174696E672061207061796D656E74207468726F756768206578616D706C652E636F6D2E2054686973206D6179206576656E7475616C6C79206265206368616E67656420746F20616E206175746F6D61746963207061796D656E742E0D0A0D0A4E6F74653A20546869732073686F756C642074726967676572206F6E20746865206669727374206F6620746865206D6F6E74682077697468206120647565206461746520342064617973206C617465722E0D0A0D0A7B7B696E636C75646528646F63733A4175746F6D617465645469636B657473466F6F746572297D7D0D0A','','Create initial page','2018-07-06 23:27:25.204194',1);
INSERT INTO "wiki_content_versions" VALUES(32,31,31,1,X'5461736B733A0D0A0D0A2A20506F6C6C656E2066696C746572730D0A2A2A20496E73706563742C20636C65616E0D0A2A2A205265706C61636520657665727920736978206D6F6E7468732028417072696C2C204F63746F626572290D0A2A2A202A4C617374207265706C616365642A3A202A417072696C20323031382A0D0A0D0A2A20556C7472612D66696E652066696C746572730D0A2A2A20696E73706563740D0A2A2A207265706C616365206D6F6E74686C790D0A0D0A7B7B696E636C75646528646F63733A4175746F6D617465645469636B657473466F6F746572297D7D0D0A0D0A2A2057696B692074656D706C6174653A205B5B646F63733A4175746F6D617465645469636B65747341697246696C746572435041505D5D0D0A2A205265706C6163656D656E742066696C746572733A2068747470733A2F2F7777772E616D617A6F6E2E636F6D2F67702F70726F647563742F4230314E3353525A37362F','','Create initial page','2018-07-06 23:28:58.110052',1);
INSERT INTO "wiki_content_versions" VALUES(33,32,32,1,X'2320436C65616E2070726566696C7465720D0A2320436C65616E206D61696E206169722066696C7465722E0D0A2320436865636B20647565206461746520666F72207265706C6163696E672066696C746572730D0A0D0A7C5F2E4974656D7C5F2E4C617374205265706C616365647C5F2E4E657874205265706C6163656D656E747C5F2E4E6F7465737C0D0A7C4765726D677561726469616E2046696C74657220457C323031382D30332D31327C6265747765656E20536570742031322D4E6F762031327C5265706C61636520657665727920362D38206D6F6E7468737C0D0A0D0A0D0A557064617465207468652074656D706C6174652061626F7665206279206D6F64696679696E6720746865205B5B646F63733A4175746F6D617465645469636B65747341697246696C7465724D61696E74656E616E63654D6173746572426564726F6F6D5D5D20706167652E0D0A0D0A0D0A7B7B696E636C75646528646F63733A4175746F6D617465645469636B657473466F6F746572297D7D0D0A','','Create initial page','2018-07-06 23:29:52.151375',1);
INSERT INTO "wiki_content_versions" VALUES(34,33,33,1,X'68322E204F766572766965770D0A0D0A5765206F63636173696F6E616C6C7920686176652073656D692D73656E736974697665207061706572776F726B2074686174206E6565647320746F206265207368726564646564206265666F72652072656379636C696E672E2054686973207061706572776F726B20697320636F6C6C656374656420696E206120626F782077697468696E207468652073747564656E7420776F726B65722063756269636C6520617265612E205468697320626F782077696C6C206E65656420746F2062652070726F63657373656420617320696E64696361746564206F6E207468697320706167652E205468697320626F7820757375616C6C792073697473206F6E2074686520636162696E657420746F20746865207269676874206F662074686520656E7472797761792E0D0A0D0A68322E204672657175656E63790D0A0D0A4174206C65617374206F6E63652061207765656B2E0D0A0D0A68322E2050726F63657373696E6720696E737472756374696F6E730D0A0D0A23206C6F6361746520626F780D0A23206C6F6361746520736872656464657220286C6F6164696E6720646F636B2D696D6D6564696174656C79207768656E20656E746572696E67206C6F6164696E6720646F636B206974206973206C6F636174656420746F20746865206C65667420616761696E73742077616C6C2062657369646520676172626167652063616E2D69742069732074616E290D0A23207475726E20746865207368726564646572206F6E2028706F77657220627574746F6E2072656420737769746368206F6E20746865207369646520616E64207468656E20707265737320666F727761726420627574746F6E290D0A2320736872656420646F63756D656E7473202A6265207375726520746F2072656D6F766520737461706C657320616E6420706170657220636C6970732066726F6D20646F63756D656E74732D2D63617574696F6E20286265207375726520746F206B6565702068616E647320636C656172206F6620736872656464696E672061726561290D0A23207768656E20736872656464696E6720636F6D706C6574652C206265207375726520746F20706F776572206F666620746865206D616368696E650D0A232072657475726E20626F7820746F2064657369676E61746564206C6F636174696F6E20696E2073747564656E7420776F726B65722063756269636C652E','','Create initial page','2018-07-06 23:35:29.620633',1);
INSERT INTO "wiki_content_versions" VALUES(35,34,34,1,X'68322E204261636B67726F756E640D0A0D0A43757272656E746C79207765206861766520612034206D6F6E7468206472792D65726173652063616C656E646172206F6E20746865206F757473696465206F6620612063756269636C652077616C6C207768656E20796F7520656E746572206F757220617265612E20546869732063616C656E646172206973207072696D6172696C79207573656420746F206E6F7465206C656176652C20636F6E666572656E63657320616E6420686F6C69646179732E0D0A0D0A68322E205461736B730D0A0D0A232052656D6F7665207468652070726576696F7573206D6F6E74680D0A2320496E636C756465207468652063757272656E74206D6F6E74680D0A2320496E636C7564652074686520666F6C6C6F77696E67207468726565206D6F6E7468730D0A','','Create initial page','2018-07-06 23:38:04.377937',1);
INSERT INTO "wiki_content_versions" VALUES(36,35,35,1,X'68312E20576F726B204172656120436C65616E75700D0A0D0A68322E2041626F75740D0A0D0A506572696F646963616C6C792C206F757220776F726B206172656173206E65656420746F20626520636C65616E65642075702E205468697320696E636C756465732C20627574206973206E6F74206C696D6974656420746F2C206361626C65732C206F70656E20636F6D7075746572732C2073706172652070617274732C2072656379636C61626C65206D6174657269616C732C2074726173682C206574632E200D0A0D0A68322E2057686572650D0A0D0A576F726B20617265617320776527726520726573706F6E7369626C6520666F7220696E636C7564653A0D0A0D0A2A20546865206261636B20726F6F6D0D0A2A2057616C6B77617973206265747765656E2063756269636C65730D0A2A2053747564656E7420776F726B657220776F726B73706163650D0A2A2053746F7261676520636162696E6574730D0A2A205368656C76696E670D0A2A2053797374656D7320436F6E666572656E636520726F6F6D0D0A2A20416E79206F746865722061726561207573656420666F722073746F72616765206F72206D69736320776F726B0D0A0D0A68322E204672657175656E63790D0A0D0A4174206C65617374206F6E63652061207765656B2C206F72207768656E20796F75207365652074686174207468696E677320617265206E6F74207768657265207468657927726520737570706F73656420746F2062652E2057652077616E74206F757220776F726B20617265617320746F20626520726561736F6E61626C7920636C65616E20617420616C6C2074696D65732E0D0A0D0A68322E2050726F63657373696E6720696E737472756374696F6E730D0A0D0A2A2047617468657220616E79206C6F6F736520706F7765722C20766964656F206F7220657874656E73696F6E206361626C65732C2070617065722C20616E6420686172642064726976657320616E6420706C61636520696E2074686520617070726F70726961746520636162696E6574732E0D0A2A20506C6163652066756C6C20737572706C757320636172747320696E207468652047726176657961726420616E642070726F63657373206173206E65636573736172792E0D0A2A20506C616365206F70746963616C206D65646961206261636B20696E207468652062696E6465722C20616E6420706C616365207468652062696E646572206F6E2061207368656C6620696E2074686520776F726B20617265612E0D0A2A204F7267616E697A6520616E6420706C61636520737570706C696573206C696B6520746170652C207275626265722062616E647320616E64206272656164207469657320696E206120636F6E73697374656E74206C6F636174696F6E2077697468696E2074686520776F726B20617265612E0D0A2A2052656D6F76652065787472612063617274732066726F6D206F7572206465707420616E6420706C61636520696E2074686520746563682073657276696365732068616C6C7761792E20506C65617365206265207375726520746F20706C616365207468656D206F7574206F662074686520696D6D6564696174652077616C6B7761792E2049742773206F6B20746F206B656570206F6E65206F722074776F2063617274732061726F756E642C20706172746963756C61726C792069662074686572652069732061206A6F6220636F6D696E672075702E0D0A2A20416E7920636F6D707574657273206F72207072696E746572732061726F756E6420746865206261636B20726F6F6D2073686F756C642062652070757420696E746F206974732070726F706572206C6F636174696F6E','','Create initial page','2018-07-06 23:49:27.004586',1);
INSERT INTO "wiki_content_versions" VALUES(37,36,36,1,X'7B7B696E636C75646528737973646F63733A576F726B5F417265615F436C65616E7570297D7D','','Create initial page','2018-07-06 23:49:51.114381',1);
INSERT INTO "wiki_content_versions" VALUES(38,36,36,1,X'7B7B696E636C75646528646F63733A576F726B5F417265615F436C65616E7570297D7D','','Fix project ref','2018-07-06 23:50:18.697727',2);
INSERT INTO "wiki_content_versions" VALUES(39,1,1,1,X'68312E2057696B690D0A0D0A53656520746865205B5B646F63733A496E636C75646550616765735D5D20706167652028616E642073756270616765732920666F7220636F6E74656E7420757365642062792074686520224175746F6D61746564205469636B6574732070726F6A656374223A68747470733A2F2F6769746875622E636F6D2F57687941736B5768792F6175746F6D617465642D7469636B6574732E0D0A0D0A7B7B6368696C645F70616765737D7D0D0A','','Add references to Automated Tickets project, include pages','2018-07-06 23:52:53.398335',2);
INSERT INTO "wiki_content_versions" VALUES(40,1,1,1,X'68312E2057696B690D0A0D0A546865205B5B646F63733A496E636C75646550616765735D5D20706167652C20737562706167657320616E6420616E79207061676573206C696E6B65642062656C6F772061726520736F757263656420286469726563746C79206F7220696E6469726563746C79292062792074686520224175746F6D61746564205469636B6574732070726F6A656374223A68747470733A2F2F6769746875622E636F6D2F57687941736B5768792F6175746F6D617465642D7469636B6574732E0D0A0D0A7B7B6368696C645F706167657328646F63733A496E636C7564655061676573297D7D0D0A0D0A7B7B6368696C645F70616765737D7D0D0A0D0A','','Enable auto-indexed listing for IncludePages child pages','2018-07-06 23:54:56.219898',3);
INSERT INTO "wiki_content_versions" VALUES(41,37,37,1,X'506C65617365207069636B757020616E642064656C69766572206D61696C20666F72206F757220646570742E0D0A0D0A2A4E6F74653A2A20506C65617365206D61726B20746865207469636B65742061732022666F6C6C6F772075702220696620796F75206861766520636865636B656420746865206D61696C2062757420617265206E6F7420726561647920746F20636C6F736520746865207469636B6574207965742E0D0A0D0A3C726564707265207374796C653D2277686974652D73706163653A207072652D6C696E653B20626F726465722D7374796C653A20736F6C69643B20626F726465722D77696474683A206D656469756D3B206261636B67726F756E642D636F6C6F723A2077686974653B20626F726465722D636F6C6F723A20626C61636B3B20646973706C61793A626C6F636B3B2070616464696E673A2031656D3B223E0D0A42656361757365206D61696C206973206F6674656E2064656C697665726564206C6174657220696E20746865206461792C206974206973206265737420746F206D616B6520612066696E616C206C6174652061667465726E6F6F6E20636865636B20666F72206D61696C206265666F726520636C6F73696E672074686973207469636B65742E0D0A3C2F7265647072653E','','Create initial page','2018-07-06 23:58:18.647704',1);
INSERT INTO "wiki_content_versions" VALUES(42,38,38,1,X'506C65617365207069636B7570206D6F726520706170657220626F7865732066726F6D207468652041646D696E206F66666963652069662077652068617665206665776572207468616E203820626F7865732E','','Create initial page','2018-07-07 00:00:06.254573',1);
INSERT INTO "wiki_content_versions" VALUES(43,39,39,1,X'4175746F6D6174696320557064617465732068617665206265656E2064697361626C656420666F72207468697320626F782064756520746F20766172696F757320697373756573207769746820646570656E64656E74207365727669636573206E6F742068616E646C696E67206175746F2D7265737461727420677261636566756C6C792E0D0A0D0A53656520746865736520706167657320666F7220646972656374696F6E733A0D0A0D0A2A20706C616365686F6C646572310D0A2A20706C616365686F6C646572320D0A2A20706C616365686F6C64657233','','Create initial page','2018-07-07 00:09:04.954709',1);
CREATE TABLE "wiki_contents" ("id" INTEGER PRIMARY KEY AUTOINCREMENT NOT NULL, "page_id" integer NOT NULL, "author_id" integer, "text" text, "comments" varchar(1024) DEFAULT '', "updated_on" datetime NOT NULL, "version" integer NOT NULL);
INSERT INTO "wiki_contents" VALUES(1,1,1,'h1. Wiki

The [[docs:IncludePages]] page, subpages and any pages linked below are sourced (directly or indirectly) by the "Automated Tickets project":https://github.com/WhyAskWhy/automated-tickets.

{{child_pages(docs:IncludePages)}}

{{child_pages}}

','Enable auto-indexed listing for IncludePages child pages','2018-07-06 23:54:56.219898',3);
INSERT INTO "wiki_contents" VALUES(2,2,1,'h1. Include pages

Parent page to root include pages from.

{{child_pages}}
','Stub page','2018-07-06 22:29:49.033028',1);
INSERT INTO "wiki_contents" VALUES(3,3,1,'{{>toc}}

h1. AutomatedTickets

h2. Overview

Below are the wiki pages that are sourced/included by various scripts that we use to generate "automated tickets". Most of those are generated by the @automated_tickets.py@ script that runs on the server hosting this site, but some scripts run on other boxes and make include references to one or more of these pages. This is done to provide a consistent set of instructions for anyone who processes those tickets.

h2. Automated Ticket include pages

{{child_pages}}

','Remove unused page ref','2018-07-06 22:54:48.672089',2);
INSERT INTO "wiki_contents" VALUES(4,4,1,'---

You can close this ticket by responding to this email with @Status: Closed@ all on a line by itself. This works best by including a short status update to note why you''re closing it.','Create footer for inclusion by all AutomatedTickets include pages','2018-07-06 22:56:22.355693',1);
INSERT INTO "wiki_contents" VALUES(5,5,1,'# Clean fridge coils
# Vacuum loose matter and clean brush

{{include(docs:AutomatedTicketsFooter)}}','First draft','2018-07-06 22:59:42.474029',1);
INSERT INTO "wiki_contents" VALUES(6,6,1,'Check these supplies and update the order list:

* Litter
* Baking soda
* Food

While doing this, glance at their food and water levels (separate ticket, but a good habit regardless).

{{include(docs:AutomatedTicketsFooter)}}','Create initial page','2018-07-06 23:01:20.902051',1);
INSERT INTO "wiki_contents" VALUES(7,7,1,'All vehicles:

# Vacuum
# Remove debris

{{include(docs:AutomatedTicketsFooter)}}','Create initial page','2018-07-06 23:03:07.290601',1);
INSERT INTO "wiki_contents" VALUES(8,8,1,'Check tire pressure on all vehicles and add pressure as needed.

|_.Vehicle|_.Pressure|
|Car|FILL THIS IN|
|Van|FILL THIS IN|
|Truck|FILL THIS IN|

{{include(docs:AutomatedTicketsFooter)}}','Create initial page','2018-07-06 23:06:39.757119',1);
INSERT INTO "wiki_contents" VALUES(9,9,1,'* Clean windows in all vehicles.
* Make sure there is a clean cleaning cloth in glove box (to be used for wiping inside glass while traveling).

{{include(docs:AutomatedTicketsFooter)}}','Create initial page','2018-07-06 23:07:51.694199',1);
INSERT INTO "wiki_contents" VALUES(10,10,1,'It is time to swap toothbrushes and check our stock. If low, we need to add a new package to the order list.

Note: Even if there is still life left on the existing brushes, it is suggested to go ahead and replace now to keep the schedule consistent.

{{include(docs:AutomatedTicketsFooter)}}','Create initial page','2018-07-06 23:09:06.740187',1);
INSERT INTO "wiki_contents" VALUES(11,11,1,'# First, check the Google Calendar entry to see what specific date the filter should be replaced
#* _this script is currently limited in its scheduling functionality; every X weeks is problematic_
# Update the due date for this ticket to reflect that specific date
# Retrieve a spare filter first (it wouldn''t be good to remove the old one before making sure there _is_ a new one)
# Rinse out the filter canister
# Insert new filter
# Run water for five minutes at medium pressure
# Taste test
# Double-check current stock, add to order list if low

{{include(docs:AutomatedTicketsFooter)}}
','Create initial page','2018-07-06 23:10:09.623876',1);
INSERT INTO "wiki_contents" VALUES(12,12,1,'# Review inventory
# Add items to lunchbox for work

{{include(docs:AutomatedTicketsFooter)}}','Create initial page','2018-07-06 23:11:10.490424',1);
INSERT INTO "wiki_contents" VALUES(13,13,1,'The wet food is a treat, but the main purpose is as a carrier for the cranberry powder. This is intended as a treatment for their bladders to help prevent repeat kidney infections.

{{include(docs:AutomatedTicketsFooter)}}','Create initial page','2018-07-06 23:11:51.541842',1);
INSERT INTO "wiki_contents" VALUES(14,14,1,'Clean front and back porches.

{{include(docs:AutomatedTicketsFooter)}}','Create initial page','2018-07-06 23:12:37.407263',1);
INSERT INTO "wiki_contents" VALUES(15,15,1,'Supplies used:

* mop handle
** _used to push leaves out of gutter_
* cable ties
** _for securing mop handle_
* gloves
* S hook
** _for holding mop handle from top of ladder_
* ladder
* pole saw
** _used to scrape leaves off of front roof, need something better_

{{include(docs:AutomatedTicketsFooter)}}','Create initial page','2018-07-06 23:13:22.994777',1);
INSERT INTO "wiki_contents" VALUES(16,16,1,'# Remove random containers
# Remove old food
# Review stock
# Clean shelves to remove spilled food matter

{{include(docs:AutomatedTicketsFooter)}}','Create initial page','2018-07-06 23:14:14.993706',1);
INSERT INTO "wiki_contents" VALUES(17,17,1,'# Brush the vent cover
# Vacuum the vent cover
# Vacuum floor where debris fell
# Vacuum fan itself

{{include(docs:AutomatedTicketsFooter)}}','Create initial page','2018-07-06 23:14:56.564353',1);
INSERT INTO "wiki_contents" VALUES(18,18,1,'# Check work supplies
# Update inventory
# Post items to this ticket to bring with me on Monday

{{include(docs:AutomatedTicketsFooter)}}
','Create initial page','2018-07-06 23:17:59.290031',1);
INSERT INTO "wiki_contents" VALUES(19,19,1,'In addition to making sure it is at least half full, this is a good time to check the quantity of unopened cat food we have on hand.

{{include(docs:AutomatedTicketsFooter)}}','Create initial page','2018-07-06 23:18:50.404707',1);
INSERT INTO "wiki_contents" VALUES(20,20,1,'Swap out bowls.

{{include(docs:AutomatedTicketsFooter)}}
','Create initial page','2018-07-06 23:19:28.098305',1);
INSERT INTO "wiki_contents" VALUES(21,21,1,'Prep spare pan first, dump old pan and wash for use at next scheduled swap.

{{include(docs:AutomatedTicketsFooter)}}','Create initial page','2018-07-06 23:20:12.792010',1);
INSERT INTO "wiki_contents" VALUES(22,22,1,'Replace or clean pre and main air filter.

{{include(docs:AutomatedTicketsFooter)}}','Create initial page','2018-07-06 23:20:55.943254',1);
INSERT INTO "wiki_contents" VALUES(23,23,1,'Replace or clean pre and main air filter.

{{include(docs:AutomatedTicketsFooter)}}','Create initial page','2018-07-06 23:21:41.862386',1);
INSERT INTO "wiki_contents" VALUES(24,24,1,'Replace or clean pre and main air filter.

{{include(docs:AutomatedTicketsFooter)}}
','Create initial page','2018-07-06 23:22:25.144148',1);
INSERT INTO "wiki_contents" VALUES(25,25,1,'Replace or clean central air filter. If using a disposable filter, mark the current date that you''re installing the new filter. Bonus points: add related ticket number as *@see #1234@*.

{{include(docs:AutomatedTicketsFooter)}}','Create initial page','2018-07-06 23:23:11.055741',1);
INSERT INTO "wiki_contents" VALUES(26,26,1,'# Add one tablet to tray behind central air filter
# Examine tray for breaks or leaks
# Examine surrounding areas for discoloration

{{include(docs:AutomatedTicketsFooter)}}','Create initial page','2018-07-06 23:24:03.530322',1);
INSERT INTO "wiki_contents" VALUES(27,27,1,'Wash sheets used in the kids bedroom.

{{include(docs:AutomatedTicketsFooter)}}','Create initial page','2018-07-06 23:25:02.398169',1);
INSERT INTO "wiki_contents" VALUES(28,28,1,'Replace all sinus rinse bottles with spares in the cabinet.

{{include(docs:AutomatedTicketsFooter)}}','Create initial page','2018-07-06 23:25:40.802574',1);
INSERT INTO "wiki_contents" VALUES(29,29,1,'Pay the water bill. This is usually done by initiating a bank payment?

Note: This should trigger on the first of the month with a due date 9 days later.

{{include(docs:AutomatedTicketsFooter)}}','Create initial page','2018-07-06 23:26:23.045953',1);
INSERT INTO "wiki_contents" VALUES(30,30,1,'Pay the van note. This is currently done by initiating a payment through example.com. This may eventually be changed to an automatic payment.

Note: This should trigger on the first of the month with a due date 4 days later.

{{include(docs:AutomatedTicketsFooter)}}
','Create initial page','2018-07-06 23:27:25.204194',1);
INSERT INTO "wiki_contents" VALUES(31,31,1,'Tasks:

* Pollen filters
** Inspect, clean
** Replace every six months (April, October)
** *Last replaced*: *April 2018*

* Ultra-fine filters
** inspect
** replace monthly

{{include(docs:AutomatedTicketsFooter)}}

* Wiki template: [[docs:AutomatedTicketsAirFilterCPAP]]
* Replacement filters: https://www.amazon.com/gp/product/B01N3SRZ76/','Create initial page','2018-07-06 23:28:58.110052',1);
INSERT INTO "wiki_contents" VALUES(32,32,1,'# Clean prefilter
# Clean main air filter.
# Check due date for replacing filters

|_.Item|_.Last Replaced|_.Next Replacement|_.Notes|
|Germguardian Filter E|2018-03-12|between Sept 12-Nov 12|Replace every 6-8 months|


Update the template above by modifying the [[docs:AutomatedTicketsAirFilterMaintenanceMasterBedroom]] page.


{{include(docs:AutomatedTicketsFooter)}}
','Create initial page','2018-07-06 23:29:52.151375',1);
INSERT INTO "wiki_contents" VALUES(33,33,1,'h2. Overview

We occasionally have semi-sensitive paperwork that needs to be shredded before recycling. This paperwork is collected in a box within the student worker cubicle area. This box will need to be processed as indicated on this page. This box usually sits on the cabinet to the right of the entryway.

h2. Frequency

At least once a week.

h2. Processing instructions

# locate box
# locate shredder (loading dock-immediately when entering loading dock it is located to the left against wall beside garbage can-it is tan)
# turn the shredder on (power button red switch on the side and then press forward button)
# shred documents *be sure to remove staples and paper clips from documents--caution (be sure to keep hands clear of shredding area)
# when shredding complete, be sure to power off the machine
# return box to designated location in student worker cubicle.','Create initial page','2018-07-06 23:35:29.620633',1);
INSERT INTO "wiki_contents" VALUES(34,34,1,'h2. Background

Currently we have a 4 month dry-erase calendar on the outside of a cubicle wall when you enter our area. This calendar is primarily used to note leave, conferences and holidays.

h2. Tasks

# Remove the previous month
# Include the current month
# Include the following three months
','Create initial page','2018-07-06 23:38:04.377937',1);
INSERT INTO "wiki_contents" VALUES(35,35,1,'h1. Work Area Cleanup

h2. About

Periodically, our work areas need to be cleaned up. This includes, but is not limited to, cables, open computers, spare parts, recyclable materials, trash, etc.

h2. Where

Work areas we''re responsible for include:

* The back room
* Walkways between cubicles
* Student worker workspace
* Storage cabinets
* Shelving
* Systems Conference room
* Any other area used for storage or misc work

h2. Frequency

At least once a week, or when you see that things are not where they''re supposed to be. We want our work areas to be reasonably clean at all times.

h2. Processing instructions

* Gather any loose power, video or extension cables, paper, and hard drives and place in the appropriate cabinets.
* Place full surplus carts in the Graveyard and process as necessary.
* Place optical media back in the binder, and place the binder on a shelf in the work area.
* Organize and place supplies like tape, rubber bands and bread ties in a consistent location within the work area.
* Remove extra carts from our dept and place in the tech services hallway. Please be sure to place them out of the immediate walkway. It''s ok to keep one or two carts around, particularly if there is a job coming up.
* Any computers or printers around the back room should be put into its proper location','Create initial page','2018-07-06 23:49:27.004586',1);
INSERT INTO "wiki_contents" VALUES(36,36,1,'{{include(docs:Work_Area_Cleanup)}}','Fix project ref','2018-07-06 23:50:18.697727',2);
INSERT INTO "wiki_contents" VALUES(37,37,1,'Please pickup and deliver mail for our dept.

*Note:* Please mark the ticket as "follow up" if you have checked the mail but are not ready to close the ticket yet.

<redpre style="white-space: pre-line; border-style: solid; border-width: medium; background-color: white; border-color: black; display:block; padding: 1em;">
Because mail is often delivered later in the day, it is best to make a final late afternoon check for mail before closing this ticket.
</redpre>','Create initial page','2018-07-06 23:58:18.647704',1);
INSERT INTO "wiki_contents" VALUES(38,38,1,'Please pickup more paper boxes from the Admin office if we have fewer than 8 boxes.','Create initial page','2018-07-07 00:00:06.254573',1);
INSERT INTO "wiki_contents" VALUES(39,39,1,'Automatic Updates have been disabled for this box due to various issues with dependent services not handling auto-restart gracefully.

See these pages for directions:

* placeholder1
* placeholder2
* placeholder3','Create initial page','2018-07-07 00:09:04.954709',1);
CREATE TABLE "issue_categories" ("id" INTEGER PRIMARY KEY AUTOINCREMENT NOT NULL, "project_id" integer DEFAULT 0 NOT NULL, "name" varchar(60) DEFAULT '' NOT NULL, "assigned_to_id" integer);
INSERT INTO "issue_categories" VALUES(1,2,'Unassigned',1);
INSERT INTO "issue_categories" VALUES(2,4,'Checks - Email',1);
INSERT INTO "issue_categories" VALUES(3,4,'Checks - Storage',1);
INSERT INTO "issue_categories" VALUES(4,4,'Cleanup/Sort',1);
INSERT INTO "issue_categories" VALUES(5,3,'Patch',1);
INSERT INTO "issue_categories" VALUES(6,5,'Air Filter',1);
INSERT INTO "issue_categories" VALUES(7,5,'Bathroom',1);
INSERT INTO "issue_categories" VALUES(8,5,'Bedroom',1);
INSERT INTO "issue_categories" VALUES(9,5,'Cleaning',1);
INSERT INTO "issue_categories" VALUES(10,5,'Fees',1);
INSERT INTO "issue_categories" VALUES(11,5,'Kitchen',1);
INSERT INTO "issue_categories" VALUES(12,5,'Pest Control',1);
INSERT INTO "issue_categories" VALUES(13,5,'Pets',1);
INSERT INTO "issue_categories" VALUES(14,5,'Purchasing',1);
INSERT INTO "issue_categories" VALUES(15,5,'Vehicles',1);
INSERT INTO "issue_categories" VALUES(16,5,'Yard',1);
CREATE TABLE "auth_sources" ("id" INTEGER PRIMARY KEY AUTOINCREMENT NOT NULL, "type" varchar(30) DEFAULT '' NOT NULL, "name" varchar(60) DEFAULT '' NOT NULL, "host" varchar(60), "port" integer, "account" varchar, "account_password" varchar DEFAULT '', "base_dn" varchar(255), "attr_login" varchar(30), "attr_firstname" varchar(30), "attr_lastname" varchar(30), "attr_mail" varchar(30), "onthefly_register" boolean DEFAULT 'f' NOT NULL, "tls" boolean DEFAULT 'f' NOT NULL, "filter" text, "timeout" integer);
CREATE TABLE "user_preferences" ("id" INTEGER PRIMARY KEY AUTOINCREMENT NOT NULL, "user_id" integer DEFAULT 0 NOT NULL, "others" text, "hide_mail" boolean DEFAULT 't', "time_zone" varchar);
INSERT INTO "user_preferences" VALUES(1,1,'---
:no_self_notified: ''1''
:my_page_layout:
  left:
  - issuesassignedtome
  right:
  - issuesreportedbyme
:my_page_settings: {}
:comments_sorting: asc
:warn_on_leaving_unsaved: ''1''
:textarea_font: ''''
','t','');
INSERT INTO "user_preferences" VALUES(2,5,'---
:no_self_notified: ''1''
:comments_sorting: asc
:warn_on_leaving_unsaved: ''1''
:textarea_font: ''''
:my_page_layout:
  left:
  - issuesassignedtome
  right:
  - issuesreportedbyme
:my_page_settings: {}
','t','');
CREATE TABLE "custom_field_enumerations" ("id" INTEGER PRIMARY KEY AUTOINCREMENT NOT NULL, "custom_field_id" integer NOT NULL, "name" varchar NOT NULL, "active" boolean DEFAULT 't' NOT NULL, "position" integer DEFAULT 1 NOT NULL);
CREATE TABLE "boards" ("id" INTEGER PRIMARY KEY AUTOINCREMENT NOT NULL, "project_id" integer NOT NULL, "name" varchar DEFAULT '' NOT NULL, "description" varchar, "position" integer, "topics_count" integer DEFAULT 0 NOT NULL, "messages_count" integer DEFAULT 0 NOT NULL, "last_message_id" integer, "parent_id" integer);
CREATE TABLE "custom_fields" ("id" INTEGER PRIMARY KEY AUTOINCREMENT NOT NULL, "type" varchar(30) DEFAULT '' NOT NULL, "name" varchar(30) DEFAULT '' NOT NULL, "field_format" varchar(30) DEFAULT '' NOT NULL, "possible_values" text, "regexp" varchar DEFAULT '', "min_length" integer, "max_length" integer, "is_required" boolean DEFAULT 'f' NOT NULL, "is_for_all" boolean DEFAULT 'f' NOT NULL, "is_filter" boolean DEFAULT 'f' NOT NULL, "position" integer, "searchable" boolean DEFAULT 'f', "default_value" text, "editable" boolean DEFAULT 't', "visible" boolean DEFAULT 't' NOT NULL, "multiple" boolean DEFAULT 'f', "format_store" text, "description" text);
CREATE TABLE "enumerations" ("id" INTEGER PRIMARY KEY AUTOINCREMENT NOT NULL, "name" varchar(30) DEFAULT '' NOT NULL, "position" integer, "is_default" boolean DEFAULT 'f' NOT NULL, "type" varchar, "active" boolean DEFAULT 't' NOT NULL, "project_id" integer, "parent_id" integer, "position_name" varchar(30));
INSERT INTO "enumerations" VALUES(1,'Low',1,'f','IssuePriority','t',NULL,NULL,'lowest');
INSERT INTO "enumerations" VALUES(2,'Normal',2,'t','IssuePriority','t',NULL,NULL,'default');
INSERT INTO "enumerations" VALUES(3,'High',3,'f','IssuePriority','t',NULL,NULL,'high3');
INSERT INTO "enumerations" VALUES(4,'Urgent',4,'f','IssuePriority','t',NULL,NULL,'high2');
INSERT INTO "enumerations" VALUES(5,'Immediate',5,'f','IssuePriority','t',NULL,NULL,'highest');
INSERT INTO "enumerations" VALUES(6,'User documentation',1,'f','DocumentCategory','t',NULL,NULL,NULL);
INSERT INTO "enumerations" VALUES(7,'Technical documentation',2,'f','DocumentCategory','t',NULL,NULL,NULL);
INSERT INTO "enumerations" VALUES(8,'Design',1,'f','TimeEntryActivity','t',NULL,NULL,NULL);
INSERT INTO "enumerations" VALUES(9,'Development',2,'f','TimeEntryActivity','t',NULL,NULL,NULL);
CREATE TABLE "issue_statuses" ("id" INTEGER PRIMARY KEY AUTOINCREMENT NOT NULL, "name" varchar(30) DEFAULT '' NOT NULL, "is_closed" boolean DEFAULT 'f' NOT NULL, "position" integer, "default_done_ratio" integer);
INSERT INTO "issue_statuses" VALUES(1,'New','f',1,NULL);
INSERT INTO "issue_statuses" VALUES(2,'In Progress','f',2,NULL);
INSERT INTO "issue_statuses" VALUES(3,'Resolved','f',3,NULL);
INSERT INTO "issue_statuses" VALUES(4,'Feedback','f',4,NULL);
INSERT INTO "issue_statuses" VALUES(5,'Closed','t',5,NULL);
INSERT INTO "issue_statuses" VALUES(6,'Rejected','t',6,NULL);
CREATE TABLE "roles" ("id" INTEGER PRIMARY KEY AUTOINCREMENT NOT NULL, "name" varchar(30) DEFAULT '' NOT NULL, "position" integer, "assignable" boolean DEFAULT 't', "builtin" integer DEFAULT 0 NOT NULL, "permissions" text, "issues_visibility" varchar(30) DEFAULT 'default' NOT NULL, "users_visibility" varchar(30) DEFAULT 'all' NOT NULL, "time_entries_visibility" varchar(30) DEFAULT 'all' NOT NULL, "all_roles_managed" boolean DEFAULT 't' NOT NULL, "settings" text);
INSERT INTO "roles" VALUES(1,'Non member',0,'t',1,'---
- :view_issues
- :add_issues
- :add_issue_notes
- :save_queries
- :view_gantt
- :view_calendar
- :view_time_entries
- :view_news
- :comment_news
- :view_documents
- :view_wiki_pages
- :view_wiki_edits
- :view_messages
- :add_messages
- :view_files
- :browse_repository
- :view_changesets
','default','all','all','t',NULL);
INSERT INTO "roles" VALUES(2,'Anonymous',0,'t',2,'---
- :view_issues
- :view_gantt
- :view_calendar
- :view_time_entries
- :view_news
- :view_documents
- :view_wiki_pages
- :view_wiki_edits
- :view_messages
- :view_files
- :browse_repository
- :view_changesets
','default','all','all','t',NULL);
INSERT INTO "roles" VALUES(3,'Manager',1,'t',0,'---
- :add_project
- :edit_project
- :close_project
- :select_project_modules
- :manage_members
- :manage_versions
- :add_subprojects
- :manage_public_queries
- :save_queries
- :view_issues
- :add_issues
- :edit_issues
- :copy_issues
- :manage_issue_relations
- :manage_subtasks
- :set_issues_private
- :set_own_issues_private
- :add_issue_notes
- :edit_issue_notes
- :edit_own_issue_notes
- :view_private_notes
- :set_notes_private
- :delete_issues
- :view_issue_watchers
- :add_issue_watchers
- :delete_issue_watchers
- :import_issues
- :manage_categories
- :view_time_entries
- :log_time
- :edit_time_entries
- :edit_own_time_entries
- :manage_project_activities
- :view_news
- :manage_news
- :comment_news
- :view_documents
- :add_documents
- :edit_documents
- :delete_documents
- :view_files
- :manage_files
- :view_wiki_pages
- :view_wiki_edits
- :export_wiki_pages
- :edit_wiki_pages
- :rename_wiki_pages
- :delete_wiki_pages
- :delete_wiki_pages_attachments
- :protect_wiki_pages
- :manage_wiki
- :view_changesets
- :browse_repository
- :commit_access
- :manage_related_issues
- :manage_repository
- :view_messages
- :add_messages
- :edit_messages
- :edit_own_messages
- :delete_messages
- :delete_own_messages
- :manage_boards
- :view_calendar
- :view_gantt
','all','all','all','t',NULL);
INSERT INTO "roles" VALUES(4,'Developer',2,'t',0,'---
- :manage_versions
- :manage_categories
- :view_issues
- :add_issues
- :edit_issues
- :view_private_notes
- :set_notes_private
- :manage_issue_relations
- :manage_subtasks
- :add_issue_notes
- :save_queries
- :view_gantt
- :view_calendar
- :log_time
- :view_time_entries
- :view_news
- :comment_news
- :view_documents
- :view_wiki_pages
- :view_wiki_edits
- :edit_wiki_pages
- :delete_wiki_pages
- :view_messages
- :add_messages
- :edit_own_messages
- :view_files
- :manage_files
- :browse_repository
- :view_changesets
- :commit_access
- :manage_related_issues
','default','all','all','t',NULL);
INSERT INTO "roles" VALUES(5,'Reporter',3,'t',0,'---
- :view_issues
- :add_issues
- :add_issue_notes
- :save_queries
- :view_gantt
- :view_calendar
- :log_time
- :view_time_entries
- :view_news
- :comment_news
- :view_documents
- :view_wiki_pages
- :view_wiki_edits
- :view_messages
- :add_messages
- :edit_own_messages
- :view_files
- :browse_repository
- :view_changesets
','default','all','all','t',NULL);
CREATE TABLE "trackers" ("id" INTEGER PRIMARY KEY AUTOINCREMENT NOT NULL, "name" varchar(30) DEFAULT '' NOT NULL, "is_in_chlog" boolean DEFAULT 'f' NOT NULL, "position" integer, "is_in_roadmap" boolean DEFAULT 't' NOT NULL, "fields_bits" integer DEFAULT 0, "default_status_id" integer);
INSERT INTO "trackers" VALUES(1,'Bug','t',1,'f',0,1);
INSERT INTO "trackers" VALUES(2,'Feature','t',2,'t',0,1);
INSERT INTO "trackers" VALUES(3,'Support','f',3,'f',0,1);
CREATE TABLE "attachments" ("id" INTEGER PRIMARY KEY AUTOINCREMENT NOT NULL, "container_id" integer, "container_type" varchar(30), "filename" varchar DEFAULT '' NOT NULL, "disk_filename" varchar DEFAULT '' NOT NULL, "filesize" integer(8) DEFAULT 0 NOT NULL, "content_type" varchar DEFAULT '', "digest" varchar(64) DEFAULT '' NOT NULL, "downloads" integer DEFAULT 0 NOT NULL, "author_id" integer DEFAULT 0 NOT NULL, "created_on" datetime, "description" varchar, "disk_directory" varchar);
DELETE FROM sqlite_sequence;
INSERT INTO "sqlite_sequence" VALUES('watchers',0);
INSERT INTO "sqlite_sequence" VALUES('email_addresses',2);
INSERT INTO "sqlite_sequence" VALUES('users',5);
INSERT INTO "sqlite_sequence" VALUES('workflows',144);
INSERT INTO "sqlite_sequence" VALUES('roles',5);
INSERT INTO "sqlite_sequence" VALUES('issue_statuses',6);
INSERT INTO "sqlite_sequence" VALUES('trackers',3);
INSERT INTO "sqlite_sequence" VALUES('enumerations',9);
INSERT INTO "sqlite_sequence" VALUES('tokens',13);
INSERT INTO "sqlite_sequence" VALUES('user_preferences',2);
INSERT INTO "sqlite_sequence" VALUES('projects',5);
INSERT INTO "sqlite_sequence" VALUES('enabled_modules',6);
INSERT INTO "sqlite_sequence" VALUES('wikis',1);
INSERT INTO "sqlite_sequence" VALUES('wiki_pages',39);
INSERT INTO "sqlite_sequence" VALUES('wiki_contents',39);
INSERT INTO "sqlite_sequence" VALUES('wiki_content_versions',43);
INSERT INTO "sqlite_sequence" VALUES('settings',49);
INSERT INTO "sqlite_sequence" VALUES('issue_categories',16);
INSERT INTO "sqlite_sequence" VALUES('members',7);
INSERT INTO "sqlite_sequence" VALUES('member_roles',7);
INSERT INTO "sqlite_sequence" VALUES('issues',2);
CREATE UNIQUE INDEX "unique_schema_migrations" ON "schema_migrations" ("version");
CREATE INDEX "news_project_id" ON "news" ("project_id");
CREATE INDEX "journals_journalized_id" ON "journals" ("journalized_id", "journalized_type");
CREATE INDEX "wikis_project_id" ON "wikis" ("project_id");
CREATE INDEX "wiki_pages_wiki_id_title" ON "wiki_pages" ("wiki_id", "title");
CREATE UNIQUE INDEX "changesets_issues_ids" ON "changesets_issues" ("changeset_id", "issue_id");
CREATE INDEX "messages_board_id" ON "messages" ("board_id");
CREATE INDEX "messages_parent_id" ON "messages" ("parent_id");
CREATE INDEX "custom_values_customized" ON "custom_values" ("customized_type", "customized_id");
CREATE INDEX "enabled_modules_project_id" ON "enabled_modules" ("project_id");
CREATE INDEX "projects_trackers_project_id" ON "projects_trackers" ("project_id");
CREATE INDEX "wkfs_role_tracker_old_status" ON "workflows" ("role_id", "tracker_id", "old_status_id");
CREATE INDEX "versions_project_id" ON "versions" ("project_id");
CREATE UNIQUE INDEX "changesets_repos_rev" ON "changesets" ("repository_id", "revision");
CREATE INDEX "watchers_user_id_type" ON "watchers" ("user_id", "watchable_type");
CREATE UNIQUE INDEX "projects_trackers_unique" ON "projects_trackers" ("project_id", "tracker_id");
CREATE UNIQUE INDEX "groups_users_ids" ON "groups_users" ("group_id", "user_id");
CREATE INDEX "index_workflows_on_old_status_id" ON "workflows" ("old_status_id");
CREATE INDEX "index_workflows_on_role_id" ON "workflows" ("role_id");
CREATE INDEX "index_workflows_on_new_status_id" ON "workflows" ("new_status_id");
CREATE INDEX "index_messages_on_last_reply_id" ON "messages" ("last_reply_id");
CREATE INDEX "index_messages_on_author_id" ON "messages" ("author_id");
CREATE INDEX "index_comments_on_commented_id_and_commented_type" ON "comments" ("commented_id", "commented_type");
CREATE INDEX "index_comments_on_author_id" ON "comments" ("author_id");
CREATE INDEX "index_wiki_pages_on_wiki_id" ON "wiki_pages" ("wiki_id");
CREATE INDEX "index_wiki_pages_on_parent_id" ON "wiki_pages" ("parent_id");
CREATE INDEX "index_watchers_on_user_id" ON "watchers" ("user_id");
CREATE INDEX "index_watchers_on_watchable_id_and_watchable_type" ON "watchers" ("watchable_id", "watchable_type");
CREATE INDEX "index_tokens_on_user_id" ON "tokens" ("user_id");
CREATE INDEX "index_changesets_on_user_id" ON "changesets" ("user_id");
CREATE INDEX "index_changesets_on_repository_id" ON "changesets" ("repository_id");
CREATE INDEX "index_member_roles_on_member_id" ON "member_roles" ("member_id");
CREATE INDEX "index_member_roles_on_role_id" ON "member_roles" ("role_id");
CREATE INDEX "index_members_on_user_id" ON "members" ("user_id");
CREATE INDEX "index_members_on_project_id" ON "members" ("project_id");
CREATE INDEX "index_news_on_author_id" ON "news" ("author_id");
CREATE INDEX "index_custom_values_on_custom_field_id" ON "custom_values" ("custom_field_id");
CREATE INDEX "index_journals_on_user_id" ON "journals" ("user_id");
CREATE INDEX "index_journals_on_journalized_id" ON "journals" ("journalized_id");
CREATE INDEX "index_issue_relations_on_issue_from_id" ON "issue_relations" ("issue_from_id");
CREATE INDEX "index_issue_relations_on_issue_to_id" ON "issue_relations" ("issue_to_id");
CREATE INDEX "index_journals_on_created_on" ON "journals" ("created_on");
CREATE INDEX "index_changesets_on_committed_on" ON "changesets" ("committed_on");
CREATE INDEX "index_messages_on_created_on" ON "messages" ("created_on");
CREATE INDEX "index_news_on_created_on" ON "news" ("created_on");
CREATE INDEX "index_versions_on_sharing" ON "versions" ("sharing");
CREATE INDEX "index_settings_on_name" ON "settings" ("name");
CREATE INDEX "changesets_repos_scmid" ON "changesets" ("repository_id", "scmid");
CREATE INDEX "changesets_changeset_id" ON "changes" ("changeset_id");
CREATE UNIQUE INDEX "index_members_on_user_id_and_project_id" ON "members" ("user_id", "project_id");
CREATE INDEX "index_projects_on_lft" ON "projects" ("lft");
CREATE INDEX "index_projects_on_rgt" ON "projects" ("rgt");
CREATE INDEX "index_repositories_on_project_id" ON "repositories" ("project_id");
CREATE INDEX "journal_details_journal_id" ON "journal_details" ("journal_id");
CREATE INDEX "changeset_parents_changeset_ids" ON "changeset_parents" ("changeset_id");
CREATE INDEX "changeset_parents_parent_ids" ON "changeset_parents" ("parent_id");
CREATE UNIQUE INDEX "index_issue_relations_on_issue_from_id_and_issue_to_id" ON "issue_relations" ("issue_from_id", "issue_to_id");
CREATE UNIQUE INDEX "tokens_value" ON "tokens" ("value");
CREATE UNIQUE INDEX "index_custom_fields_trackers_on_custom_field_id_and_tracker_id" ON "custom_fields_trackers" ("custom_field_id", "tracker_id");
CREATE UNIQUE INDEX "index_custom_fields_projects_on_custom_field_id_and_project_id" ON "custom_fields_projects" ("custom_field_id", "project_id");
CREATE INDEX "issues_project_id" ON "issues" ("project_id");
CREATE INDEX "index_issues_on_status_id" ON "issues" ("status_id");
CREATE INDEX "index_issues_on_category_id" ON "issues" ("category_id");
CREATE INDEX "index_issues_on_assigned_to_id" ON "issues" ("assigned_to_id");
CREATE INDEX "index_issues_on_fixed_version_id" ON "issues" ("fixed_version_id");
CREATE INDEX "index_issues_on_tracker_id" ON "issues" ("tracker_id");
CREATE INDEX "index_issues_on_priority_id" ON "issues" ("priority_id");
CREATE INDEX "index_issues_on_author_id" ON "issues" ("author_id");
CREATE INDEX "index_issues_on_created_on" ON "issues" ("created_on");
CREATE INDEX "index_issues_on_root_id_and_lft_and_rgt" ON "issues" ("root_id", "lft", "rgt");
CREATE UNIQUE INDEX "queries_roles_ids" ON "queries_roles" ("query_id", "role_id");
CREATE INDEX "index_queries_on_project_id" ON "queries" ("project_id");
CREATE INDEX "index_queries_on_user_id" ON "queries" ("user_id");
CREATE UNIQUE INDEX "custom_fields_roles_ids" ON "custom_fields_roles" ("custom_field_id", "role_id");
CREATE INDEX "wiki_redirects_wiki_id_title" ON "wiki_redirects" ("wiki_id", "title");
CREATE INDEX "index_wiki_redirects_on_wiki_id" ON "wiki_redirects" ("wiki_id");
CREATE INDEX "index_users_on_id_and_type" ON "users" ("id", "type");
CREATE INDEX "index_users_on_auth_source_id" ON "users" ("auth_source_id");
CREATE INDEX "index_users_on_type" ON "users" ("type");
CREATE INDEX "index_email_addresses_on_user_id" ON "email_addresses" ("user_id");
CREATE INDEX "documents_project_id" ON "documents" ("project_id");
CREATE INDEX "index_documents_on_category_id" ON "documents" ("category_id");
CREATE INDEX "index_documents_on_created_on" ON "documents" ("created_on");
CREATE UNIQUE INDEX "index_roles_managed_roles_on_role_id_and_managed_role_id" ON "roles_managed_roles" ("role_id", "managed_role_id");
CREATE INDEX "time_entries_project_id" ON "time_entries" ("project_id");
CREATE INDEX "time_entries_issue_id" ON "time_entries" ("issue_id");
CREATE INDEX "index_time_entries_on_activity_id" ON "time_entries" ("activity_id");
CREATE INDEX "index_time_entries_on_user_id" ON "time_entries" ("user_id");
CREATE INDEX "index_time_entries_on_created_on" ON "time_entries" ("created_on");
CREATE INDEX "wiki_content_versions_wcid" ON "wiki_content_versions" ("wiki_content_id");
CREATE INDEX "index_wiki_content_versions_on_updated_on" ON "wiki_content_versions" ("updated_on");
CREATE INDEX "wiki_contents_page_id" ON "wiki_contents" ("page_id");
CREATE INDEX "index_wiki_contents_on_author_id" ON "wiki_contents" ("author_id");
CREATE INDEX "issue_categories_project_id" ON "issue_categories" ("project_id");
CREATE INDEX "index_issue_categories_on_assigned_to_id" ON "issue_categories" ("assigned_to_id");
CREATE INDEX "index_auth_sources_on_id_and_type" ON "auth_sources" ("id", "type");
CREATE INDEX "index_user_preferences_on_user_id" ON "user_preferences" ("user_id");
CREATE INDEX "boards_project_id" ON "boards" ("project_id");
CREATE INDEX "index_boards_on_last_message_id" ON "boards" ("last_message_id");
CREATE INDEX "index_custom_fields_on_id_and_type" ON "custom_fields" ("id", "type");
CREATE INDEX "index_enumerations_on_project_id" ON "enumerations" ("project_id");
CREATE INDEX "index_enumerations_on_id_and_type" ON "enumerations" ("id", "type");
CREATE INDEX "index_issue_statuses_on_position" ON "issue_statuses" ("position");
CREATE INDEX "index_issue_statuses_on_is_closed" ON "issue_statuses" ("is_closed");
CREATE INDEX "index_workflows_on_tracker_id" ON "workflows" ("tracker_id");
CREATE INDEX "index_member_roles_on_inherited_from" ON "member_roles" ("inherited_from");
CREATE INDEX "index_changesets_issues_on_issue_id" ON "changesets_issues" ("issue_id");
CREATE INDEX "index_issues_on_parent_id" ON "issues" ("parent_id");
CREATE INDEX "index_attachments_on_author_id" ON "attachments" ("author_id");
CREATE INDEX "index_attachments_on_created_on" ON "attachments" ("created_on");
CREATE INDEX "index_attachments_on_container_id_and_container_type" ON "attachments" ("container_id", "container_type");
CREATE INDEX "index_attachments_on_disk_filename" ON "attachments" ("disk_filename");
COMMIT;
